{
	"type" : "FeatureCollection",
	"name" : "tygron_buildings",
	"features" : [
		{
			"type" : "Feature",
			"geometry" : {
				"type" : "Point",
				"coordinates" : [ 5.8537371309, 51.7887416212 ]
			},
			"properties" : {
				"object_name" : "Boom 1ste grootte",
				"object_height" : 21,
				"tree_crown_diameter" : 14
			}
		},
		{
			"type" : "Feature",
			"geometry" : {
				"type" : "Point",
				"coordinates" : [ 5.8536662275, 51.789173657 ]
			},
			"properties" : {
				"object_name" : "Boom 2de grootte",
				"object_height" : 15,
				"tree_crown_diameter" : 10.91
			}
		},
		{
			"type" : "Feature",
			"geometry" : {
				"type" : "Point",
				"coordinates" : [ 5.8553583305, 51.7889950449 ]
			},
			"properties" : {
				"object_name" : "Boom 3rde grootte",
				"object_height" : 15,
				"tree_crown_diameter" : 10.91
			}
		},
		{
			"type" : "Feature",
			"geometry" : {
				"type" : "Point",
				"coordinates" : [ 5.8551948983, 51.7890639996 ]
			},
			"properties" : {
				"object_name" : "Boom 3rde grootte",
				"object_height" : 15,
				"tree_crown_diameter" : 10.91
			}
		},
		{
			"type" : "Feature",
			"geometry" : {
				"type" : "Point",
				"coordinates" : [ 5.8544489459, 51.788854764 ]
			},
			"properties" : {
				"object_name" : "Boom 1ste grootte",
				"object_height" : 21,
				"tree_crown_diameter" : 14
			}
		},
		{
			"type" : "Feature",
			"geometry" : {
				"type" : "Point",
				"coordinates" : [ 5.854370287, 51.7890555016 ]
			},
			"properties" : {
				"object_name" : "Boom 3rde grootte",
				"object_height" : 15,
				"tree_crown_diameter" : 10.91
			}
		},
		{
			"type" : "Feature",
			"geometry" : {
				"type" : "Point",
				"coordinates" : [ 5.8555257638, 51.7888143488 ]
			},
			"FUNCTION":"tree1",
			"properties" : {
				"object_name" : "Boom 1ste grootte",
				"object_height" : 21,
				"tree_crown_diameter" : 14
			}
		},
		{
			"type" : "Feature",
			"geometry" : {
				"type" : "Point",
				"coordinates" : [ 5.8549323365, 51.7887827101 ]
			},
			"properties" : {
				"object_name" : "Boom 1ste grootte",
				"object_height" : 21,
				"tree_crown_diameter" : 14
			}
		},
		{
			"type" : "Feature",
			"geometry" : {
				"type" : "Point",
				"coordinates" : [ 5.8540058506, 51.7891121224 ]
			},
			"properties" : {
				"object_name" : "Boom 3rde grootte",
				"object_height" : 15,
				"tree_crown_diameter" : 10.91
			}
		},
		{
			"type" : "Feature",
			"geometry" : {
				"type" : "Point",
				"coordinates" : [ 5.8538304729, 51.789165626 ]
			},
			"properties" : {
				"object_name" : "Boom 3rde grootte",
				"object_height" : 15,
				"tree_crown_diameter" : 10.91
			}
		},
		{
			"type" : "Feature",
			"geometry" : {
				"type" : "Point",
				"coordinates" : [ 5.8557390041, 51.7892309156 ]
			},
			"properties" : {
				"object_name" : "Boom 1ste grootte",
				"object_height" : 21,
				"tree_crown_diameter" : 14
			}
		},
		{
			"type" : "Feature",
			"geometry" : {
				"type" : "Point",
				"coordinates" : [ 5.855690946, 51.7888667475 ]
			},
			"properties" : {
				"object_name" : "Boom 3rde grootte",
				"object_height" : 15,
				"tree_crown_diameter" : 10.91
			}
		},
		{
			"type" : "Feature",
			"geometry" : {
				"type" : "Point",
				"coordinates" : [ 5.8548303893, 51.7889435715 ]
			},
			"properties" : {
				"object_name" : "Boom 1ste grootte",
				"object_height" : 21,
				"tree_crown_diameter" : 14
			}
		},
		{
			"type" : "Feature",
			"geometry" : {
				"type" : "Point",
				"coordinates" : [ 5.8535620437, 51.7890874906 ]
			},
			"properties" : {
				"object_name" : "Boom 3rde grootte",
				"object_height" : 15,
				"tree_crown_diameter" : 10.91
			}
		},
		{
			"type" : "Feature",
			"geometry" : {
				"type" : "Point",
				"coordinates" : [ 5.8558805131, 51.7888346148 ]
			},
			"properties" : {
				"object_name" : "Boom 3rde grootte",
				"object_height" : 15,
				"tree_crown_diameter" : 10.91
			}
		},
		{
			"type" : "Feature",
			"geometry" : {
				"type" : "Point",
				"coordinates" : [ 5.8542102679, 51.7891995374 ]
			},
			"properties" : {
				"object_name" : "Boom 3rde grootte",
				"object_height" : 15,
				"tree_crown_diameter" : 10.91
			}
		},
		{
			"type" : "Feature",
			"geometry" : {
				"type" : "Point",
				"coordinates" : [ 5.8553284993, 51.7890976775 ]
			},
			"properties" : {
				"object_name" : "Boom 2de grootte",
				"object_height" : 15,
				"tree_crown_diameter" : 10.91
			}
		},
		{
			"type" : "Feature",
			"geometry" : {
				"type" : "Point",
				"coordinates" : [ 5.854971252, 51.7893159142 ]
			},
			"properties" : {
				"object_name" : "Boom 1ste grootte",
				"object_height" : 21,
				"tree_crown_diameter" : 14
			}
		},
		{
			"type" : "Feature",
			"geometry" : {
				"type" : "Point",
				"coordinates" : [ 5.8546425723, 51.7890536061 ]
			},
			"properties" : {
				"object_name" : "Boom 3rde grootte",
				"object_height" : 15,
				"tree_crown_diameter" : 10.91
			}
		},
		{
			"type" : "Feature",
			"geometry" : {
				"type" : "Point",
				"coordinates" : [ 5.8545031619, 51.789218438 ]
			},
			"properties" : {
				"object_name" : "Boom 1ste grootte",
				"object_height" : 21,
				"tree_crown_diameter" : 14
			}
		},
		{
			"type" : "Feature",
			"geometry" : {
				"type" : "Point",
				"coordinates" : [ 5.8539208668, 51.7891875988 ]
			},
			"properties" : {
				"object_name" : "Boom 3rde grootte",
				"object_height" : 15,
				"tree_crown_diameter" : 10.91
			}
		},
		{
			"type" : "Feature",
			"geometry" : {
				"type" : "Point",
				"coordinates" : [ 5.8551950871, 51.7887874173 ]
			},
			"properties" : {
				"object_name" : "Boom 2de grootte",
				"object_height" : 15,
				"tree_crown_diameter" : 10.91
			}
		},
		{
			"type" : "Feature",
			"geometry" : {
				"type" : "Point",
				"coordinates" : [ 5.8549205798, 51.7890930871 ]
			},
			"properties" : {
				"object_name" : "Boom 3rde grootte",
				"object_height" : 15,
				"tree_crown_diameter" : 10.91
			}
		},
		{
			"type" : "Feature",
			"geometry" : {
				"type" : "Point",
				"coordinates" : [ 5.8543921303, 51.7891529867 ]
			},
			"properties" : {
				"object_name" : "Boom 3rde grootte",
				"object_height" : 15,
				"tree_crown_diameter" : 10.91
			}
		},
		{
			"type" : "Feature",
			"geometry" : {
				"type" : "Point",
				"coordinates" : [ 5.8535803868, 51.7891551876 ]
			},
			"properties" : {
				"object_name" : "Boom 2de grootte",
				"object_height" : 15,
				"tree_crown_diameter" : 10.91
			}
		},
		{
			"type" : "Feature",
			"geometry" : {
				"type" : "Point",
				"coordinates" : [ 5.8536538535, 51.7891126164 ]
			},
			"properties" : {
				"object_name" : "Boom 3rde grootte",
				"object_height" : 15,
				"tree_crown_diameter" : 10.91
			}
		},
		{
			"type" : "Feature",
			"geometry" : {
				"type" : "Point",
				"coordinates" : [ 5.8559777983, 51.7888428928 ]
			},
			"properties" : {
				"object_name" : "Boom 3rde grootte",
				"object_height" : 15,
				"tree_crown_diameter" : 10.91
			}
		},
		{
			"type" : "Feature",
			"geometry" : {
				"type" : "Point",
				"coordinates" : [ 5.8545538632, 51.7890828283 ]
			},
			"properties" : {
				"object_name" : "Boom 3rde grootte",
				"object_height" : 15,
				"tree_crown_diameter" : 10.91
			}
		},
		{
			"type" : "Feature",
			"geometry" : {
				"type" : "Point",
				"coordinates" : [ 5.8557819426, 51.7888418462 ]
			},
			"properties" : {
				"object_name" : "Boom 3rde grootte",
				"object_height" : 15,
				"tree_crown_diameter" : 10.91
			}
		},
		{
			"type" : "Feature",
			"geometry" : {
				"type" : "Point",
				"coordinates" : [ 5.8551080264, 51.7890986297 ]
			},
			"properties" : {
				"object_name" : "Boom 3rde grootte",
				"object_height" : 15,
				"tree_crown_diameter" : 10.91
			}
		},
		{
			"type" : "Feature",
			"geometry" : {
				"type" : "Point",
				"coordinates" : [ 5.8540158718, 51.7891998429 ]
			},
			"properties" : {
				"object_name" : "Boom 3rde grootte",
				"object_height" : 15,
				"tree_crown_diameter" : 10.91
			}
		},
		{
			"type" : "Feature",
			"geometry" : {
				"type" : "Point",
				"coordinates" : [ 5.8550152435, 51.7891072445 ]
			},
			"properties" : {
				"object_name" : "Boom 3rde grootte",
				"object_height" : 15,
				"tree_crown_diameter" : 10.91
			}
		},
		{
			"type" : "Feature",
			"geometry" : {
				"type" : "Point",
				"coordinates" : [ 5.854662404, 51.7887808147 ]
			},
			"properties" : {
				"object_name" : "Boom 1ste grootte",
				"object_height" : 21,
				"tree_crown_diameter" : 14
			}
		},
		{
			"type" : "Feature",
			"geometry" : {
				"type" : "Point",
				"coordinates" : [ 5.8553039765, 51.7889070729 ]
			},
			"properties" : {
				"object_name" : "Boom 1ste grootte",
				"object_height" : 21,
				"tree_crown_diameter" : 14
			}
		},
		{
			"type" : "Feature",
			"geometry" : {
				"type" : "Point",
				"coordinates" : [ 5.8544729967, 51.7891186531 ]
			},
			"properties" : {
				"object_name" : "Boom 3rde grootte",
				"object_height" : 15,
				"tree_crown_diameter" : 10.91
			}
		},
		{
			"type" : "Feature",
			"geometry" : {
				"type" : "Point",
				"coordinates" : [ 5.8556060275, 51.7888972453 ]
			},
			"properties" : {
				"object_name" : "Boom 3rde grootte",
				"object_height" : 15,
				"tree_crown_diameter" : 10.91
			}
		},
		{
			"type" : "Feature",
			"geometry" : {
				"type" : "Point",
				"coordinates" : [ 5.8556959494, 51.7890046839 ]
			},
			"properties" : {
				"object_name" : "Boom 1ste grootte",
				"object_height" : 21,
				"tree_crown_diameter" : 14
			}
		},
		{
			"type" : "Feature",
			"geometry" : {
				"type" : "Point",
				"coordinates" : [ 5.8545007873, 51.78898917 ]
			},
			"properties" : {
				"object_name" : "Boom 3rde grootte",
				"object_height" : 15,
				"tree_crown_diameter" : 10.91
			}
		},
		{
			"type" : "Feature",
			"geometry" : {
				"type" : "Point",
				"coordinates" : [ 5.854740344, 51.7890486294 ]
			},
			"properties" : {
				"object_name" : "Boom 3rde grootte",
				"object_height" : 15,
				"tree_crown_diameter" : 10.91
			}
		},
		{
			"type" : "Feature",
			"geometry" : {
				"type" : "Point",
				"coordinates" : [ 5.855711395, 51.788931552 ]
			},
			"properties" : {
				"object_name" : "Boom 2de grootte",
				"object_height" : 15,
				"tree_crown_diameter" : 10.91
			}
		},
		{
			"type" : "Feature",
			"geometry" : {
				"type" : "Point",
				"coordinates" : [ 5.8537414879, 51.7891393503 ]
			},
			"properties" : {
				"object_name" : "Boom 3rde grootte",
				"object_height" : 15,
				"tree_crown_diameter" : 10.91
			}
		},
		{
			"type" : "Feature",
			"geometry" : {
				"type" : "Point",
				"coordinates" : [ 5.8548350658, 51.7890640355 ]
			},
			"properties" : {
				"object_name" : "Boom 3rde grootte",
				"object_height" : 15,
				"tree_crown_diameter" : 10.91
			}
		},
		{
			"type" : "Feature",
			"geometry" : {
				"type" : "Point",
				"coordinates" : [ 5.8555269547, 51.788932073 ]
			},
			"properties" : {
				"object_name" : "Boom 3rde grootte",
				"object_height" : 15,
				"tree_crown_diameter" : 10.91
			}
		},
		{
			"type" : "Feature",
			"geometry" : {
				"type" : "Point",
				"coordinates" : [ 5.8543032614, 51.789182191 ]
			},
			"properties" : {
				"object_name" : "Boom 3rde grootte",
				"object_height" : 15,
				"tree_crown_diameter" : 10.91
			}
		},
		{
			"type" : "Feature",
			"geometry" : {
				"type" : "Point",
				"coordinates" : [ 5.8547051973, 51.7891969143 ]
			},
			"properties" : {
				"object_name" : "Boom 2de grootte",
				"object_height" : 15,
				"tree_crown_diameter" : 10.91
			}
		},
		{
			"type" : "Feature",
			"geometry" : {
				"type" : "Point",
				"coordinates" : [ 5.8554400974, 51.7889639812 ]
			},
			"properties" : {
				"object_name" : "Boom 3rde grootte",
				"object_height" : 15,
				"tree_crown_diameter" : 10.91
			}
		},
		{
			"type" : "Feature",
			"geometry" : {
				"type" : "Point",
				"coordinates" : [ 5.8553824103, 51.7887983139 ]
			},
			"properties" : {
				"object_name" : "Boom 1ste grootte",
				"object_height" : 21,
				"tree_crown_diameter" : 14
			}
		},
		{
			"type" : "Feature",
			"geometry" : {
				"type" : "Point",
				"coordinates" : [ 5.8541116393, 51.7892050441 ]
			},
			"properties" : {
				"object_name" : "Boom 3rde grootte",
				"object_height" : 15,
				"tree_crown_diameter" : 10.91
			}
		},
		{
			"type" : "Feature",
			"geometry" : {
				"type" : "Point",
				"coordinates" : [ 5.8542104276, 51.7886589313 ]
			},
			"properties" : {
				"object_name" : "Boom 1ste grootte",
				"object_height" : 24,
				"tree_crown_diameter" : 16.5
			}
		},
		{
			"type" : "Feature",
			"geometry" : {
				"type" : "Point",
				"coordinates" : [ 5.8535761096, 51.7887441724 ]
			},
			"properties" : {
				"object_name" : "Boom 1ste grootte",
				"object_height" : 24,
				"tree_crown_diameter" : 16.5
			}
		},
		{
			"type" : "Feature",
			"geometry" : {
				"type" : "Point",
				"coordinates" : [ 5.8543326278, 51.7892295052 ]
			},
			"properties" : {
				"object_name" : "Boom 1ste grootte",
				"object_height" : 24,
				"tree_crown_diameter" : 16.5
			}
		},
		{
			"type" : "Feature",
			"geometry" : {
				"type" : "Point",
				"coordinates" : [ 5.855898406, 51.7890036508 ]
			},
			"properties" : {
				"object_name" : "Boom 1ste grootte",
				"object_height" : 24,
				"tree_crown_diameter" : 16.5
			}
		},
		{
			"type" : "Feature",
			"geometry" : {
				"type" : "Point",
				"coordinates" : [ 5.8544716243, 51.7892425308 ]
			},
			"properties" : {
				"object_name" : "Boom 1ste grootte",
				"object_height" : 24,
				"tree_crown_diameter" : 16.5
			}
		},
		{
			"type" : "Feature",
			"geometry" : {
				"type" : "Point",
				"coordinates" : [ 5.8536161217, 51.788612686 ]
			},
			"properties" : {
				"object_name" : "Boom 1ste grootte",
				"object_height" : 24,
				"tree_crown_diameter" : 16.5
			}
		},
		{
			"type" : "Feature",
			"geometry" : {
				"type" : "Point",
				"coordinates" : [ 5.8545609651, 51.7892509121 ]
			},
			"properties" : {
				"object_name" : "Boom 1ste grootte",
				"object_height" : 24,
				"tree_crown_diameter" : 16.5
			}
		},
		{
			"type" : "Feature",
			"geometry" : {
				"type" : "Point",
				"coordinates" : [ 5.8538353528, 51.7891817418 ]
			},
			"properties" : {
				"object_name" : "Boom 1ste grootte",
				"object_height" : 24,
				"tree_crown_diameter" : 16.5
			}
		},
		{
			"type" : "Feature",
			"geometry" : {
				"type" : "Point",
				"coordinates" : [ 5.8536634971, 51.789165626 ]
			},
			"properties" : {
				"object_name" : "Boom 1ste grootte",
				"object_height" : 24,
				"tree_crown_diameter" : 16.5
			}
		},
		{
			"type" : "Feature",
			"geometry" : {
				"type" : "Point",
				"coordinates" : [ 5.855892386, 51.7890717341 ]
			},
			"properties" : {
				"object_name" : "Boom 1ste grootte",
				"object_height" : 24,
				"tree_crown_diameter" : 16.5
			}
		},
		{
			"type" : "Feature",
			"geometry" : {
				"type" : "Point",
				"coordinates" : [ 5.8558538045, 51.789247238 ]
			},
			"properties" : {
				"object_name" : "Boom 1ste grootte",
				"object_height" : 24,
				"tree_crown_diameter" : 16.5
			}
		},
		{
			"type" : "Feature",
			"geometry" : {
				"type" : "Point",
				"coordinates" : [ 5.8551255344, 51.7891752649 ]
			},
			"properties" : {
				"object_name" : "Boom 1ste grootte",
				"object_height" : 24,
				"tree_crown_diameter" : 16.5
			}
		},
		{
			"type" : "Feature",
			"geometry" : {
				"type" : "Point",
				"coordinates" : [ 5.8553372061, 51.7891950458 ]
			},
			"properties" : {
				"object_name" : "Boom 1ste grootte",
				"object_height" : 24,
				"tree_crown_diameter" : 16.5
			}
		},
		{
			"type" : "Feature",
			"geometry" : {
				"type" : "Point",
				"coordinates" : [ 5.8547309982, 51.7891073972 ]
			},
			"properties" : {
				"object_name" : "Boom 1ste grootte",
				"object_height" : 24,
				"tree_crown_diameter" : 16.5
			}
		},
		{
			"type" : "Feature",
			"geometry" : {
				"type" : "Point",
				"coordinates" : [ 5.8537810207, 51.7891766484 ]
			},
			"properties" : {
				"object_name" : "Boom 1ste grootte",
				"object_height" : 24,
				"tree_crown_diameter" : 16.5
			}
		},
		{
			"type" : "Feature",
			"geometry" : {
				"type" : "Point",
				"coordinates" : [ 5.8550795823, 51.7888940294 ]
			},
			"properties" : {
				"object_name" : "Boom 1ste grootte",
				"object_height" : 24,
				"tree_crown_diameter" : 16.5
			}
		},
		{
			"type" : "Feature",
			"geometry" : {
				"type" : "Point",
				"coordinates" : [ 5.8543960806, 51.7886987536 ]
			},
			"properties" : {
				"object_name" : "Boom 1ste grootte",
				"object_height" : 24,
				"tree_crown_diameter" : 16.5
			}
		},
		{
			"type" : "Feature",
			"geometry" : {
				"type" : "Point",
				"coordinates" : [ 5.8537231375, 51.7891712225 ]
			},
			"properties" : {
				"object_name" : "Boom 1ste grootte",
				"object_height" : 24,
				"tree_crown_diameter" : 16.5
			}
		},
		{
			"type" : "Feature",
			"geometry" : {
				"type" : "Point",
				"coordinates" : [ 5.8548644685, 51.7891174134 ]
			},
			"properties" : {
				"object_name" : "Boom 1ste grootte",
				"object_height" : 24,
				"tree_crown_diameter" : 16.5
			}
		},
		{
			"type" : "Feature",
			"geometry" : {
				"type" : "Point",
				"coordinates" : [ 5.8535844533, 51.7887023558 ]
			},
			"properties" : {
				"object_name" : "Boom 1ste grootte",
				"object_height" : 24,
				"tree_crown_diameter" : 16.5
			}
		},
		{
			"type" : "Feature",
			"geometry" : {
				"type" : "Point",
				"coordinates" : [ 5.8543203337, 51.7886866892 ]
			},
			"properties" : {
				"object_name" : "Boom 1ste grootte",
				"object_height" : 24,
				"tree_crown_diameter" : 16.5
			}
		},
		{
			"type" : "Feature",
			"geometry" : {
				"type" : "Point",
				"coordinates" : [ 5.8555649843, 51.7892242231 ]
			},
			"properties" : {
				"object_name" : "Boom 1ste grootte",
				"object_height" : 24,
				"tree_crown_diameter" : 16.5
			}
		},
		{
			"type" : "Feature",
			"geometry" : {
				"type" : "Point",
				"coordinates" : [ 5.8535211602, 51.7889702604 ]
			},
			"properties" : {
				"object_name" : "Boom 1ste grootte",
				"object_height" : 24,
				"tree_crown_diameter" : 16.5
			}
		},
		{
			"type" : "Feature",
			"geometry" : {
				"type" : "Point",
				"coordinates" : [ 5.8537105457, 51.7889793244 ]
			},
			"properties" : {
				"object_name" : "Boom 1ste grootte",
				"object_height" : 24,
				"tree_crown_diameter" : 16.5
			}
		},
		{
			"type" : "Feature",
			"geometry" : {
				"type" : "Point",
				"coordinates" : [ 5.853530005, 51.7889282282 ]
			},
			"properties" : {
				"object_name" : "Boom 1ste grootte",
				"object_height" : 24,
				"tree_crown_diameter" : 16.5
			}
		},
		{
			"type" : "Feature",
			"geometry" : {
				"type" : "Point",
				"coordinates" : [ 5.8536046917, 51.7886541792 ]
			},
			"properties" : {
				"object_name" : "Boom 1ste grootte",
				"object_height" : 24,
				"tree_crown_diameter" : 16.5
			}
		},
		{
			"type" : "Feature",
			"geometry" : {
				"type" : "Point",
				"coordinates" : [ 5.8539457091, 51.7891920904 ]
			},
			"properties" : {
				"object_name" : "Boom 1ste grootte",
				"object_height" : 24,
				"tree_crown_diameter" : 16.5
			}
		},
		{
			"type" : "Feature",
			"geometry" : {
				"type" : "Point",
				"coordinates" : [ 5.8558789518, 51.7891309421 ]
			},
			"properties" : {
				"object_name" : "Boom 1ste grootte",
				"object_height" : 24,
				"tree_crown_diameter" : 16.5
			}
		},
		{
			"type" : "Feature",
			"geometry" : {
				"type" : "Point",
				"coordinates" : [ 5.8535525236, 51.7891552235 ]
			},
			"properties" : {
				"object_name" : "Boom 1ste grootte",
				"object_height" : 24,
				"tree_crown_diameter" : 16.5
			}
		},
		{
			"type" : "Feature",
			"geometry" : {
				"type" : "Point",
				"coordinates" : [ 5.8540049719, 51.789197651 ]
			},
			"properties" : {
				"object_name" : "Boom 1ste grootte",
				"object_height" : 24,
				"tree_crown_diameter" : 16.5
			}
		},
		{
			"type" : "Feature",
			"geometry" : {
				"type" : "Point",
				"coordinates" : [ 5.8557094271, 51.7892362785 ]
			},
			"properties" : {
				"object_name" : "Boom 1ste grootte",
				"object_height" : 24,
				"tree_crown_diameter" : 16.5
			}
		},
		{
			"type" : "Feature",
			"geometry" : {
				"type" : "Point",
				"coordinates" : [ 5.8552279391, 51.789184832 ]
			},
			"properties" : {
				"object_name" : "Boom 1ste grootte",
				"object_height" : 24,
				"tree_crown_diameter" : 16.5
			}
		},
		{
			"type" : "Feature",
			"geometry" : {
				"type" : "Point",
				"coordinates" : [ 5.8543988619, 51.7892357126 ]
			},
			"properties" : {
				"object_name" : "Boom 1ste grootte",
				"object_height" : 24,
				"tree_crown_diameter" : 16.5
			}
		},
		{
			"type" : "Feature",
			"geometry" : {
				"type" : "Point",
				"coordinates" : [ 5.8559113246, 51.7889338786 ]
			},
			"properties" : {
				"object_name" : "Boom 1ste grootte",
				"object_height" : 24,
				"tree_crown_diameter" : 16.5
			}
		},
		{
			"type" : "Feature",
			"geometry" : {
				"type" : "Point",
				"coordinates" : [ 5.8558448072, 51.7889512071 ]
			},
			"properties" : {
				"object_name" : "Boom 1ste grootte",
				"object_height" : 24,
				"tree_crown_diameter" : 16.5
			}
		},
		{
			"type" : "Feature",
			"geometry" : {
				"type" : "Polygon",
				"coordinates" : [
					[
						[ 5.8547083489, 51.7889693396 ],
						[ 5.8547584547, 51.788879589 ],
						[ 5.8547814744, 51.7888786996 ],
						[ 5.8547293207, 51.7889720615 ],
						[ 5.8547083489, 51.7889693396 ]
					]
				]
			},
			"properties" : {
				"object_name" : "Brug",
				"object_height" : 0,
				"tree_crown_diameter" : null
			}
		},
		{
			"type" : "Feature",
			"geometry" : {
				"type" : "Polygon",
				"coordinates" : [
					[
						[ 5.855231265, 51.7887791214 ],
						[ 5.8552280117, 51.788791572 ],
						[ 5.8552175549, 51.7888021722 ],
						[ 5.8552000396, 51.7888119368 ],
						[ 5.8551588076, 51.7888253756 ],
						[ 5.8551171399, 51.7888328676 ],
						[ 5.8550801196, 51.7888337659 ],
						[ 5.8550502304, 51.7888314393 ],
						[ 5.8550255551, 51.7888251511 ],
						[ 5.8550081415, 51.7888141467 ],
						[ 5.855002521, 51.7887967823 ],
						[ 5.8550004586, 51.7887895957 ],
						[ 5.8549894789, 51.7887821038 ],
						[ 5.8549792835, 51.7887787621 ],
						[ 5.8549608678, 51.7887694196 ],
						[ 5.8549385453, 51.7887488841 ],
						[ 5.8549260261, 51.7887373228 ],
						[ 5.8552038157, 51.7887623049 ],
						[ 5.8552154199, 51.7887633649 ],
						[ 5.8552337485, 51.7887651256 ],
						[ 5.855231265, 51.7887791214 ]
					],
					[
						[ 5.8552022907, 51.7887828943 ],
						[ 5.8551877963, 51.7887829572 ],
						[ 5.8551878835, 51.7887919403 ],
						[ 5.8552023779, 51.7887918864 ],
						[ 5.8552022907, 51.7887828943 ]
					]
				]
			},
			"properties" : {
				"object_name" : "Heesters",
				"object_height" : 0.5,
				"tree_crown_diameter" : null
			}
		},
		{
			"type" : "Feature",
			"geometry" : {
				"type" : "Polygon",
				"coordinates" : [
					[
						[ 5.854263627, 51.7888953724 ],
						[ 5.8542688554, 51.7888873235 ],
						[ 5.8542817232, 51.788867839 ],
						[ 5.8542860366, 51.7888694919 ],
						[ 5.8542945473, 51.7888729414 ],
						[ 5.8543050478, 51.7888777205 ],
						[ 5.8543206895, 51.7888858772 ],
						[ 5.8543379143, 51.7888962437 ],
						[ 5.8543481388, 51.7889038435 ],
						[ 5.8543589878, 51.788914228 ],
						[ 5.8543680069, 51.7889252773 ],
						[ 5.8543790301, 51.7889383208 ],
						[ 5.8543881944, 51.7889460104 ],
						[ 5.8544050271, 51.7889546881 ],
						[ 5.8544214966, 51.7889602487 ],
						[ 5.8544378791, 51.7889644528 ],
						[ 5.8544546101, 51.7889679293 ],
						[ 5.8544699032, 51.7889698337 ],
						[ 5.8544853707, 51.788970768 ],
						[ 5.8545009688, 51.7889703907 ],
						[ 5.8545150275, 51.7889689085 ],
						[ 5.854526777, 51.7889675969 ],
						[ 5.8545384102, 51.7889671478 ],
						[ 5.8545484605, 51.7889681808 ],
						[ 5.8545553155, 51.7889701841 ],
						[ 5.854562461, 51.7889736605 ],
						[ 5.8545667745, 51.7889798589 ],
						[ 5.8545651188, 51.7889842786 ],
						[ 5.8545611685, 51.7889917616 ],
						[ 5.8545566372, 51.7890000441 ],
						[ 5.8545524254, 51.7890037631 ],
						[ 5.8545482281, 51.7890068623 ],
						[ 5.8545404145, 51.7890109586 ],
						[ 5.8545305676, 51.7890144441 ],
						[ 5.8545225071, 51.789015028 ],
						[ 5.8545077513, 51.7890142105 ],
						[ 5.8544940266, 51.7890118928 ],
						[ 5.8544739117, 51.7890081019 ],
						[ 5.8544601144, 51.7890049848 ],
						[ 5.8544421635, 51.7889991188 ],
						[ 5.8544165877, 51.7889896955 ],
						[ 5.8544076268, 51.7889872251 ],
						[ 5.8543951947, 51.7889853207 ],
						[ 5.8543788994, 51.7889857878 ],
						[ 5.854263627, 51.7888953724 ]
					],
					[
						[ 5.8545079837, 51.7889846469 ],
						[ 5.8544934893, 51.7889847098 ],
						[ 5.8544935909, 51.788993693 ],
						[ 5.8545080853, 51.7889936391 ],
						[ 5.8545079837, 51.7889846469 ]
					]
				]
			},
			"properties" : {
				"object_name" : "Vaste Planten",
				"object_height" : 0,
				"tree_crown_diameter" : null
			}
		},
		{
			"type" : "Feature",
			"geometry" : {
				"type" : "Polygon",
				"coordinates" : [
					[
						[ 5.8543951947, 51.7889853207 ],
						[ 5.8544076268, 51.7889872251 ],
						[ 5.8544165877, 51.7889896955 ],
						[ 5.8544421635, 51.7889991188 ],
						[ 5.8544601144, 51.7890049848 ],
						[ 5.8544739117, 51.7890081019 ],
						[ 5.8544940266, 51.7890118928 ],
						[ 5.8545077513, 51.7890142105 ],
						[ 5.8545225071, 51.789015028 ],
						[ 5.8545305676, 51.7890144441 ],
						[ 5.8545404145, 51.7890109586 ],
						[ 5.8545482281, 51.7890068623 ],
						[ 5.8545524254, 51.7890037631 ],
						[ 5.8545566372, 51.7890000441 ],
						[ 5.8545611685, 51.7889917616 ],
						[ 5.8545651188, 51.7889842786 ],
						[ 5.8545667745, 51.7889798589 ],
						[ 5.854562461, 51.7889736605 ],
						[ 5.8545553155, 51.7889701841 ],
						[ 5.8545484605, 51.7889681808 ],
						[ 5.8545384102, 51.7889671478 ],
						[ 5.854526777, 51.7889675969 ],
						[ 5.8545150275, 51.7889689085 ],
						[ 5.8545009688, 51.7889703907 ],
						[ 5.8544853707, 51.788970768 ],
						[ 5.8544699032, 51.7889698337 ],
						[ 5.8544546101, 51.7889679293 ],
						[ 5.8544378791, 51.7889644528 ],
						[ 5.8544214966, 51.7889602487 ],
						[ 5.8544050271, 51.7889546881 ],
						[ 5.8543881944, 51.7889460104 ],
						[ 5.8543790301, 51.7889383208 ],
						[ 5.8543680069, 51.7889252773 ],
						[ 5.8543589878, 51.788914228 ],
						[ 5.8543481388, 51.7889038435 ],
						[ 5.8543379143, 51.7888962437 ],
						[ 5.8543206895, 51.7888858772 ],
						[ 5.8543050478, 51.7888777205 ],
						[ 5.8542945473, 51.7888729414 ],
						[ 5.8542860366, 51.7888694919 ],
						[ 5.8542817232, 51.788867839 ],
						[ 5.854301475, 51.7888379161 ],
						[ 5.8543074732, 51.7888449769 ],
						[ 5.8543145171, 51.7888521993 ],
						[ 5.8543228971, 51.7888594487 ],
						[ 5.8543328021, 51.7888668419 ],
						[ 5.8543467446, 51.7888762472 ],
						[ 5.8543608613, 51.7888839727 ],
						[ 5.8543737872, 51.788889677 ],
						[ 5.8543844909, 51.7888935757 ],
						[ 5.854402471, 51.7888990016 ],
						[ 5.8544433689, 51.7889084608 ],
						[ 5.8544617556, 51.7889132578 ],
						[ 5.8544749574, 51.7889175607 ],
						[ 5.8544828, 51.7889203365 ],
						[ 5.8544950869, 51.7889252054 ],
						[ 5.8545067492, 51.7889301192 ],
						[ 5.8545189489, 51.7889353833 ],
						[ 5.8545272853, 51.7889389317 ],
						[ 5.8545399207, 51.7889439892 ],
						[ 5.8545519751, 51.7889484897 ],
						[ 5.8545606166, 51.7889512835 ],
						[ 5.8545694178, 51.7889538437 ],
						[ 5.8545756048, 51.7889554876 ],
						[ 5.8545815448, 51.788956871 ],
						[ 5.8545879932, 51.7889581736 ],
						[ 5.8545945869, 51.7889593863 ],
						[ 5.8545999751, 51.788960105 ],
						[ 5.8546058571, 51.7889608506 ],
						[ 5.8546164446, 51.788961677 ],
						[ 5.8546255653, 51.7889624855 ],
						[ 5.85463091, 51.7889633928 ],
						[ 5.854632769, 51.7889642821 ],
						[ 5.854633074, 51.7889649109 ],
						[ 5.8546307938, 51.7889651984 ],
						[ 5.8546289493, 51.7889654859 ],
						[ 5.8546271048, 51.7889658093 ],
						[ 5.8546252749, 51.7889661596 ],
						[ 5.8546234595, 51.7889665549 ],
						[ 5.8546216585, 51.7889669771 ],
						[ 5.8546198867, 51.7889674262 ],
						[ 5.8546181294, 51.7889679113 ],
						[ 5.8546163865, 51.7889684323 ],
						[ 5.8546146728, 51.7889689713 ],
						[ 5.8546129881, 51.7889695463 ],
						[ 5.8546113179, 51.7889701481 ],
						[ 5.8546096912, 51.7889707769 ],
						[ 5.8546080791, 51.7889714237 ],
						[ 5.8546065106, 51.7889721065 ],
						[ 5.8546049711, 51.7889728071 ],
						[ 5.8546034607, 51.7889735348 ],
						[ 5.8546020083, 51.7889742894 ],
						[ 5.8546005851, 51.7889750799 ],
						[ 5.8545992053, 51.7889758884 ],
						[ 5.8545978837, 51.7889767328 ],
						[ 5.8545958504, 51.7889780982 ],
						[ 5.8545932652, 51.7889801015 ],
						[ 5.8545909415, 51.7889822394 ],
						[ 5.8545888501, 51.7889844852 ],
						[ 5.8545869911, 51.7889868209 ],
						[ 5.85458535, 51.7889892283 ],
						[ 5.8545838976, 51.7889916897 ],
						[ 5.8545798456, 51.789000089 ],
						[ 5.8545787854, 51.7890021371 ],
						[ 5.8545775945, 51.7890041314 ],
						[ 5.8545746462, 51.7890079043 ],
						[ 5.8545727001, 51.7890097459 ],
						[ 5.854570478, 51.7890114886 ],
						[ 5.854568038, 51.7890131505 ],
						[ 5.8545654093, 51.7890147315 ],
						[ 5.8545626353, 51.7890162586 ],
						[ 5.8545597306, 51.7890177229 ],
						[ 5.8545537615, 51.7890205706 ],
						[ 5.854532659, 51.7890300747 ],
						[ 5.8545116726, 51.7890391657 ],
						[ 5.8544907879, 51.7890481399 ],
						[ 5.8544804182, 51.7890526764 ],
						[ 5.8544700775, 51.7890573027 ],
						[ 5.8543788994, 51.7889857878 ],
						[ 5.8543951947, 51.7889853207 ]
					]
				]
			},
			"properties" : {
				"object_name" : "Bloemrijk Gras",
				"object_height" : 1,
				"tree_crown_diameter" : null
			}
		},
		{
			"type" : "Feature",
			"geometry" : {
				"type" : "Polygon",
				"coordinates" : [
					[
						[ 5.8552946743, 51.7889868658 ],
						[ 5.8552955457, 51.7889878 ],
						[ 5.8552964606, 51.7889887253 ],
						[ 5.8552974337, 51.7889896416 ],
						[ 5.8552984504, 51.7889905489 ],
						[ 5.8552995251, 51.7889914382 ],
						[ 5.8553006434, 51.7889923185 ],
						[ 5.8553030107, 51.7889940433 ],
						[ 5.8553055523, 51.7889956962 ],
						[ 5.8553082391, 51.7889972683 ],
						[ 5.8553110567, 51.7889987595 ],
						[ 5.8553139759, 51.7890001608 ],
						[ 5.8553170113, 51.7890014544 ],
						[ 5.8553185508, 51.7890020653 ],
						[ 5.8553201193, 51.7890026402 ],
						[ 5.8553217024, 51.7890031882 ],
						[ 5.8553232999, 51.7890037002 ],
						[ 5.8553248975, 51.7890041853 ],
						[ 5.8553265241, 51.7890046255 ],
						[ 5.8553281508, 51.7890050387 ],
						[ 5.8553297774, 51.789005416 ],
						[ 5.8553314185, 51.7890057484 ],
						[ 5.8553330597, 51.7890060538 ],
						[ 5.8553347008, 51.7890063143 ],
						[ 5.855336342, 51.7890065299 ],
						[ 5.8553379686, 51.7890067006 ],
						[ 5.8553396098, 51.7890068353 ],
						[ 5.8553421078, 51.7890069521 ],
						[ 5.8553445913, 51.7890069611 ],
						[ 5.8553470748, 51.7890068802 ],
						[ 5.8553495293, 51.7890067006 ],
						[ 5.8553519692, 51.7890064401 ],
						[ 5.8553543946, 51.7890060897 ],
						[ 5.8553568055, 51.7890056585 ],
						[ 5.8553592164, 51.7890051645 ],
						[ 5.8553615982, 51.7890045895 ],
						[ 5.8553639946, 51.7890039517 ],
						[ 5.8553663619, 51.78900326 ],
						[ 5.8553687292, 51.7890025054 ],
						[ 5.8553710966, 51.7890017059 ],
						[ 5.8553734493, 51.7890008615 ],
						[ 5.8553758021, 51.7889999722 ],
						[ 5.8553781549, 51.7889990469 ],
						[ 5.855382846, 51.7889971066 ],
						[ 5.8553875371, 51.7889950764 ],
						[ 5.8553969483, 51.7889909082 ],
						[ 5.8554016974, 51.7889888331 ],
						[ 5.8554064756, 51.7889868298 ],
						[ 5.8554112974, 51.7889849254 ],
						[ 5.8554137373, 51.7889840181 ],
						[ 5.8554161773, 51.7889831557 ],
						[ 5.8554184575, 51.7889823922 ],
						[ 5.8554207522, 51.7889816645 ],
						[ 5.8554230614, 51.7889809728 ],
						[ 5.8554253851, 51.7889803171 ],
						[ 5.8554277089, 51.7889796972 ],
						[ 5.8554300617, 51.7889791043 ],
						[ 5.8554347673, 51.7889780174 ],
						[ 5.8554395309, 51.7889770472 ],
						[ 5.8554443092, 51.7889761848 ],
						[ 5.8554491309, 51.7889754302 ],
						[ 5.8554539963, 51.7889747655 ],
						[ 5.8554588762, 51.7889741905 ],
						[ 5.8554637706, 51.7889736875 ],
						[ 5.855468694, 51.7889732473 ],
						[ 5.8554736465, 51.788972879 ],
						[ 5.855478599, 51.7889725556 ],
						[ 5.8554839, 51.7889722592 ],
						[ 5.8554935291, 51.78897181 ],
						[ 5.8555049735, 51.7889713878 ],
						[ 5.8555164325, 51.7889710734 ],
						[ 5.8555221693, 51.7889709656 ],
						[ 5.8555278915, 51.7889708847 ],
						[ 5.8555336137, 51.7889708398 ],
						[ 5.855539336, 51.7889708398 ],
						[ 5.8555450437, 51.7889708668 ],
						[ 5.8555507514, 51.7889709476 ],
						[ 5.8555564591, 51.7889710644 ],
						[ 5.8555621523, 51.7889712261 ],
						[ 5.8555678454, 51.7889714327 ],
						[ 5.8555735241, 51.7889716842 ],
						[ 5.8555791882, 51.7889719897 ],
						[ 5.8555848379, 51.788972349 ],
						[ 5.8555900082, 51.7889727173 ],
						[ 5.855595164, 51.7889731305 ],
						[ 5.8556054757, 51.7889740558 ],
						[ 5.8556157582, 51.7889750709 ],
						[ 5.855636367, 51.7889772179 ],
						[ 5.8556467077, 51.7889782689 ],
						[ 5.8556570919, 51.7889792481 ],
						[ 5.8556623058, 51.7889796882 ],
						[ 5.8556675343, 51.7889801015 ],
						[ 5.85567696, 51.7889807572 ],
						[ 5.8556864147, 51.7889813591 ],
						[ 5.855695855, 51.7889819789 ],
						[ 5.8557005605, 51.7889823203 ],
						[ 5.8557052371, 51.7889826886 ],
						[ 5.8557098991, 51.7889831018 ],
						[ 5.8557145321, 51.788983569 ],
						[ 5.855719136, 51.78898409 ],
						[ 5.8557237109, 51.7889846739 ],
						[ 5.8557282422, 51.7889853476 ],
						[ 5.8557327154, 51.7889860932 ],
						[ 5.8557371596, 51.7889869466 ],
						[ 5.8557415311, 51.7889878988 ],
						[ 5.8557438113, 51.7889884378 ],
						[ 5.8557460625, 51.7889890127 ],
						[ 5.8557482991, 51.7889896236 ],
						[ 5.8557505211, 51.7889902524 ],
						[ 5.8557548927, 51.7889915999 ],
						[ 5.8557592062, 51.7889930641 ],
						[ 5.855763447, 51.7889946272 ],
						[ 5.8557676007, 51.7889962981 ],
						[ 5.8557716818, 51.7889980588 ],
						[ 5.8557756612, 51.7889999003 ],
						[ 5.855779568, 51.7890018407 ],
						[ 5.8557833731, 51.7890038529 ],
						[ 5.8557870911, 51.789005937 ],
						[ 5.855790722, 51.789008093 ],
						[ 5.8557942367, 51.7890103118 ],
						[ 5.8557976497, 51.7890125935 ],
						[ 5.855800961, 51.7890149291 ],
						[ 5.8558041707, 51.7890173097 ],
						[ 5.8558067559, 51.7890193309 ],
						[ 5.8558092539, 51.789021379 ],
						[ 5.8558116648, 51.7890234631 ],
						[ 5.855813974, 51.7890255652 ],
						[ 5.8558161961, 51.7890276942 ],
						[ 5.855818302, 51.7890298502 ],
						[ 5.8558203062, 51.7890320241 ],
						[ 5.8558221797, 51.789034225 ],
						[ 5.8558239371, 51.7890364438 ],
						[ 5.8558255782, 51.7890386806 ],
						[ 5.8558270741, 51.7890409354 ],
						[ 5.8558284248, 51.7890432081 ],
						[ 5.8558296303, 51.7890454898 ],
						[ 5.8558306905, 51.7890477895 ],
						[ 5.8558315909, 51.7890501072 ],
						[ 5.8558323316, 51.7890524248 ],
						[ 5.8558325059, 51.7890530986 ],
						[ 5.8558326366, 51.7890538082 ],
						[ 5.8558326947, 51.7890545628 ],
						[ 5.8558326511, 51.7890554162 ],
						[ 5.8558324623, 51.7890563774 ],
						[ 5.8558320992, 51.7890574913 ],
						[ 5.8558315474, 51.7890587759 ],
						[ 5.8558307486, 51.7890602581 ],
						[ 5.8558236466, 51.7890611385 ],
						[ 5.8558210614, 51.7890556318 ],
						[ 5.8558198705, 51.7890532333 ],
						[ 5.8558190427, 51.7890516972 ],
						[ 5.8558181713, 51.789050179 ],
						[ 5.8558172563, 51.7890486699 ],
						[ 5.8558162978, 51.7890471697 ],
						[ 5.8558152956, 51.7890456785 ],
						[ 5.8558136981, 51.7890434686 ],
						[ 5.8558114324, 51.7890405581 ],
						[ 5.855810227, 51.7890391208 ],
						[ 5.8558089779, 51.7890376925 ],
						[ 5.8558076999, 51.7890362821 ],
						[ 5.8558063637, 51.7890348717 ],
						[ 5.8558049985, 51.7890334794 ],
						[ 5.8558035898, 51.7890320959 ],
						[ 5.855800656, 51.7890293651 ],
						[ 5.8557983468, 51.7890273528 ],
						[ 5.8557967492, 51.7890260144 ],
						[ 5.8557942802, 51.7890240291 ],
						[ 5.8557934379, 51.7890233733 ],
						[ 5.8557908527, 51.7890214329 ],
						[ 5.8557890954, 51.7890201573 ],
						[ 5.8557864085, 51.7890182799 ],
						[ 5.8557845786, 51.7890170581 ],
						[ 5.8557827196, 51.7890158544 ],
						[ 5.8557808315, 51.7890146686 ],
						[ 5.8557779414, 51.7890129349 ],
						[ 5.8557759952, 51.789011812 ],
						[ 5.8557730179, 51.7890101681 ],
						[ 5.8557699825, 51.789008587 ],
						[ 5.8557669036, 51.7890070599 ],
						[ 5.8557637665, 51.7890055956 ],
						[ 5.8557616461, 51.7890046614 ],
						[ 5.8557594966, 51.7890037451 ],
						[ 5.8557562579, 51.7890024426 ],
						[ 5.8557540649, 51.7890016071 ],
						[ 5.8557507535, 51.7890004214 ],
						[ 5.8557485169, 51.7889996757 ],
						[ 5.8557462658, 51.7889989661 ],
						[ 5.8557440001, 51.7889982834 ],
						[ 5.8557417199, 51.7889976456 ],
						[ 5.8557405871, 51.7889973401 ],
						[ 5.8557383069, 51.7889967562 ],
						[ 5.8557371596, 51.7889964777 ],
						[ 5.8557348649, 51.7889959567 ],
						[ 5.8557325266, 51.7889954626 ],
						[ 5.8557289393, 51.7889947709 ],
						[ 5.8557252939, 51.7889941511 ],
						[ 5.855722825, 51.7889937738 ],
						[ 5.8557190634, 51.7889932438 ],
						[ 5.8557139221, 51.788992624 ],
						[ 5.8557113224, 51.7889923455 ],
						[ 5.8557073285, 51.7889919502 ],
						[ 5.8557019257, 51.7889914831 ],
						[ 5.8556978156, 51.7889911687 ],
						[ 5.8556908734, 51.7889906836 ],
						[ 5.8556765969, 51.7889897763 ],
						[ 5.8556692335, 51.7889892822 ],
						[ 5.8556662707, 51.7889890666 ],
						[ 5.8556603597, 51.7889885995 ],
						[ 5.8556544922, 51.7889880965 ],
						[ 5.8556486393, 51.7889875575 ],
						[ 5.8556413776, 51.7889868478 ],
						[ 5.8556341885, 51.7889861112 ],
						[ 5.8556200281, 51.78898462 ],
						[ 5.8556102974, 51.7889836229 ],
						[ 5.8556034133, 51.7889829491 ],
						[ 5.8555965728, 51.7889823203 ],
						[ 5.8555911265, 51.7889818622 ],
						[ 5.8555831386, 51.7889812693 ],
						[ 5.8555764143, 51.788980856 ],
						[ 5.8555723477, 51.7889806404 ],
						[ 5.8555682666, 51.7889804518 ],
						[ 5.8555641855, 51.7889802901 ],
						[ 5.8555600899, 51.7889801554 ],
						[ 5.8555546146, 51.7889800116 ],
						[ 5.85555049, 51.7889799308 ],
						[ 5.8555450001, 51.7889798589 ],
						[ 5.8555394812, 51.788979823 ],
						[ 5.8555325826, 51.788979832 ],
						[ 5.8555284289, 51.7889798679 ],
						[ 5.8555228809, 51.7889799398 ],
						[ 5.8555159242, 51.7889800745 ],
						[ 5.8555103617, 51.7889802182 ],
						[ 5.855506179, 51.788980344 ],
						[ 5.8555005003, 51.7889805416 ],
						[ 5.8554917862, 51.788980892 ],
						[ 5.8554875599, 51.7889810896 ],
						[ 5.8554833917, 51.7889813052 ],
						[ 5.8554778728, 51.7889816286 ],
						[ 5.8554724265, 51.7889820149 ],
						[ 5.8554697397, 51.7889822305 ],
						[ 5.8554657312, 51.7889825898 ],
						[ 5.8554617808, 51.788982994 ],
						[ 5.8554591666, 51.7889832905 ],
						[ 5.8554565669, 51.7889836139 ],
						[ 5.8554539963, 51.7889839552 ],
						[ 5.8554489131, 51.7889847278 ],
						[ 5.8554464005, 51.788985159 ],
						[ 5.8554426825, 51.7889858507 ],
						[ 5.8554402281, 51.7889863537 ],
						[ 5.8554377881, 51.7889868927 ],
						[ 5.8554365827, 51.7889871712 ],
						[ 5.8554341718, 51.7889877641 ],
						[ 5.85543179, 51.7889883839 ],
						[ 5.8554294372, 51.7889890487 ],
						[ 5.8554282608, 51.78898939 ],
						[ 5.8554259225, 51.7889901177 ],
						[ 5.8554236133, 51.7889908812 ],
						[ 5.8554224659, 51.7889912765 ],
						[ 5.8554201422, 51.7889921119 ],
						[ 5.8554189658, 51.7889925521 ],
						[ 5.8554154075, 51.7889939445 ],
						[ 5.8554118057, 51.7889954357 ],
						[ 5.8554068823, 51.7889975557 ],
						[ 5.8553966287, 51.7890021012 ],
						[ 5.855394, 51.789003251 ],
						[ 5.855389977, 51.7890049668 ],
						[ 5.8553872611, 51.7890060897 ],
						[ 5.8553844872, 51.7890072036 ],
						[ 5.8553830784, 51.7890077516 ],
						[ 5.8553802318, 51.7890088116 ],
						[ 5.8553773271, 51.7890098447 ],
						[ 5.8553758602, 51.7890103388 ],
						[ 5.8553743643, 51.7890108238 ],
						[ 5.8553728539, 51.789011291 ],
						[ 5.8553697749, 51.7890121983 ],
						[ 5.8553682064, 51.7890126205 ],
						[ 5.8553650112, 51.78901342 ],
						[ 5.8553633846, 51.7890137793 ],
						[ 5.8553617289, 51.7890141207 ],
						[ 5.8553600587, 51.7890144441 ],
						[ 5.855358374, 51.7890147315 ],
						[ 5.8553566603, 51.789015001 ],
						[ 5.855354932, 51.7890152346 ],
						[ 5.8553531892, 51.7890154412 ],
						[ 5.8553514028, 51.7890156208 ],
						[ 5.8553496164, 51.7890157556 ],
						[ 5.855347801, 51.7890158634 ],
						[ 5.855345971, 51.7890159263 ],
						[ 5.8553441265, 51.7890159622 ],
						[ 5.8553422821, 51.7890159442 ],
						[ 5.8553404085, 51.7890158993 ],
						[ 5.855338535, 51.7890158005 ],
						[ 5.855336647, 51.7890156658 ],
						[ 5.8553347589, 51.7890154861 ],
						[ 5.8553328854, 51.7890152615 ],
						[ 5.8553310264, 51.78901501 ],
						[ 5.8553291819, 51.7890147135 ],
						[ 5.855327352, 51.7890143812 ],
						[ 5.8553255366, 51.7890140129 ],
						[ 5.8553237356, 51.7890136176 ],
						[ 5.8553219638, 51.7890131864 ],
						[ 5.8553202065, 51.7890127283 ],
						[ 5.8553184782, 51.7890122432 ],
						[ 5.8553167789, 51.7890117311 ],
						[ 5.8553150942, 51.7890111922 ],
						[ 5.8553134531, 51.7890106262 ],
						[ 5.8553118264, 51.7890100423 ],
						[ 5.8553102289, 51.7890094404 ],
						[ 5.8553086458, 51.7890088116 ],
						[ 5.8553070918, 51.7890081558 ],
						[ 5.8553055668, 51.7890074821 ],
						[ 5.8553040564, 51.7890067814 ],
						[ 5.8553025605, 51.7890060628 ],
						[ 5.8553011081, 51.7890053262 ],
						[ 5.8552996703, 51.7890045716 ],
						[ 5.8552982616, 51.789003799 ],
						[ 5.8552968818, 51.7890030085 ],
						[ 5.855294224, 51.7890013736 ],
						[ 5.855292946, 51.7890005291 ],
						[ 5.855291697, 51.7889996668 ],
						[ 5.855290477, 51.7889987954 ],
						[ 5.8552892715, 51.7889978971 ],
						[ 5.8552881242, 51.7889969898 ],
						[ 5.8552870059, 51.7889960555 ],
						[ 5.8552859166, 51.7889951123 ],
						[ 5.855284871, 51.7889941601 ],
						[ 5.8552838688, 51.7889931899 ],
						[ 5.8552825617, 51.7889918335 ],
						[ 5.8552870059, 51.7889899919 ],
						[ 5.8552946743, 51.7889868658 ]
					]
				]
			},
			"properties" : {
				"object_name" : "Gras",
				"object_height" : 1,
				"tree_crown_diameter" : null
			}
		},
		{
			"type" : "Feature",
			"geometry" : {
				"type" : "Polygon",
				"coordinates" : [
					[
						[ 5.8543815572, 51.788684951 ],
						[ 5.854453303, 51.7886945809 ],
						[ 5.8544434996, 51.7887213777 ],
						[ 5.8544288745, 51.7887372779 ],
						[ 5.8543977508, 51.7887436739 ],
						[ 5.8543736419, 51.788745201 ],
						[ 5.8543503609, 51.7887400447 ],
						[ 5.854324698, 51.7887298488 ],
						[ 5.8543034793, 51.7887251686 ],
						[ 5.8542803289, 51.7887215843 ],
						[ 5.854247811, 51.7887181258 ],
						[ 5.8542426697, 51.7887149368 ],
						[ 5.8542350884, 51.788710562 ],
						[ 5.8542219738, 51.7887040492 ],
						[ 5.8542145668, 51.7886906643 ],
						[ 5.8542058963, 51.7886839269 ],
						[ 5.8541685566, 51.7886757253 ],
						[ 5.85411116, 51.7886695359 ],
						[ 5.8540401985, 51.7886576422 ],
						[ 5.8540083196, 51.7886537345 ],
						[ 5.8539770797, 51.7886517313 ],
						[ 5.8538802375, 51.7886446436 ],
						[ 5.8538595852, 51.788646548 ],
						[ 5.853844016, 51.7886500425 ],
						[ 5.8538212869, 51.7886603372 ],
						[ 5.8538047737, 51.788664164 ],
						[ 5.8537953771, 51.7886671284 ],
						[ 5.8537870842, 51.7886708834 ],
						[ 5.8537834969, 51.7886731202 ],
						[ 5.8537804906, 51.7886761475 ],
						[ 5.8537329844, 51.788672168 ],
						[ 5.853733943, 51.7886709463 ],
						[ 5.8537343061, 51.7886704342 ],
						[ 5.8537346546, 51.7886699222 ],
						[ 5.8537353227, 51.7886688622 ],
						[ 5.8537356277, 51.7886683232 ],
						[ 5.8537361941, 51.7886672003 ],
						[ 5.8537366734, 51.7886660504 ],
						[ 5.8537368912, 51.7886654665 ],
						[ 5.85373708, 51.7886648736 ],
						[ 5.853737356, 51.7886637867 ],
						[ 5.8537798806, 51.7886676315 ],
						[ 5.8537895387, 51.7886265425 ],
						[ 5.8537316628, 51.7886213054 ],
						[ 5.8537230068, 51.7886624931 ],
						[ 5.8537212931, 51.788666302 ],
						[ 5.8537194631, 51.7886687094 ],
						[ 5.8537159194, 51.788672141 ],
						[ 5.8537102698, 51.788676426 ],
						[ 5.8537043587, 51.7886804774 ],
						[ 5.853697097, 51.7886850498 ],
						[ 5.8536929724, 51.7886874753 ],
						[ 5.8536863206, 51.7886911494 ],
						[ 5.853679088, 51.7886948504 ],
						[ 5.8536756895, 51.7886964854 ],
						[ 5.8536697204, 51.7886841335 ],
						[ 5.8536649567, 51.788673228 ],
						[ 5.8536626475, 51.7886665176 ],
						[ 5.853661137, 51.7886589987 ],
						[ 5.8536601494, 51.7886495933 ],
						[ 5.8536605125, 51.7886427841 ],
						[ 5.8536629234, 51.7886291117 ],
						[ 5.8536731479, 51.7885816896 ],
						[ 5.8543566931, 51.7886444729 ],
						[ 5.8543475579, 51.7886811691 ],
						[ 5.8543815572, 51.788684951 ]
					],
					[
						[ 5.8544032843, 51.7886942306 ],
						[ 5.8543887899, 51.7886942845 ],
						[ 5.854388877, 51.7887032766 ],
						[ 5.8544033714, 51.7887032137 ],
						[ 5.8544032843, 51.7886942306 ]
					],
					[
						[ 5.8543275301, 51.7886821662 ],
						[ 5.8543130357, 51.7886822201 ],
						[ 5.8543131373, 51.7886912122 ],
						[ 5.8543276317, 51.7886911494 ],
						[ 5.8543275301, 51.7886821662 ]
					],
					[
						[ 5.8542176313, 51.7886544083 ],
						[ 5.8542031369, 51.7886544622 ],
						[ 5.854203224, 51.7886634543 ],
						[ 5.8542177184, 51.7886633914 ],
						[ 5.8542176313, 51.7886544083 ]
					]
				]
			},
			"properties" : {
				"object_name" : "Heesters",
				"object_height" : 0.5,
				"tree_crown_diameter" : null
			}
		},
		{
			"type" : "Feature",
			"geometry" : {
				"type" : "Polygon",
				"coordinates" : [
					[
						[ 5.8536472091, 51.7885793271 ],
						[ 5.8536410947, 51.7886053692 ],
						[ 5.8536392212, 51.7886157358 ],
						[ 5.8536377833, 51.7886280697 ],
						[ 5.8536374784, 51.7886330014 ],
						[ 5.8535904079, 51.7886280158 ],
						[ 5.8536029416, 51.7885753026 ],
						[ 5.8536472091, 51.7885793271 ]
					],
					[
						[ 5.853623318, 51.788608163 ],
						[ 5.8536088236, 51.7886082259 ],
						[ 5.8536089253, 51.788617209 ],
						[ 5.8536234197, 51.7886171551 ],
						[ 5.853623318, 51.788608163 ]
					]
				]
			},
			"properties" : {
				"object_name" : "Heesters",
				"object_height" : 0.5,
				"tree_crown_diameter" : null
			}
		},
		{
			"type" : "Feature",
			"geometry" : {
				"type" : "Polygon",
				"coordinates" : [
					[
						[ 5.8557462077, 51.7892263926 ],
						[ 5.8557317133, 51.7892264465 ],
						[ 5.855731815, 51.7892354386 ],
						[ 5.8557331511, 51.7892354296 ],
						[ 5.8557309, 51.7892356991 ],
						[ 5.8557285327, 51.7892359506 ],
						[ 5.8557250035, 51.789236283 ],
						[ 5.8557226507, 51.7892364806 ],
						[ 5.8557202834, 51.7892366603 ],
						[ 5.8557166816, 51.7892368849 ],
						[ 5.8557166235, 51.7892317555 ],
						[ 5.8557021291, 51.7892318094 ],
						[ 5.8557021872, 51.7892372622 ],
						[ 5.8556979463, 51.7892372262 ],
						[ 5.855694359, 51.7892371454 ],
						[ 5.8556919482, 51.7892370735 ],
						[ 5.8556895373, 51.7892369837 ],
						[ 5.8556846719, 51.7892367591 ],
						[ 5.855678543, 51.7892363998 ],
						[ 5.855672356, 51.7892359686 ],
						[ 5.8556636129, 51.7892352769 ],
						[ 5.8556547391, 51.7892345133 ],
						[ 5.8556406659, 51.7892332737 ],
						[ 5.8556113867, 51.7892307674 ],
						[ 5.8556025274, 51.7892299948 ],
						[ 5.855591141, 51.7892289797 ],
						[ 5.8555810472, 51.7892280455 ],
						[ 5.8555722606, 51.789227201 ],
						[ 5.855572188, 51.7892197001 ],
						[ 5.8555576936, 51.789219754 ],
						[ 5.8555577517, 51.7892257188 ],
						[ 5.8555496621, 51.7892248385 ],
						[ 5.8555434751, 51.7892241198 ],
						[ 5.8555410207, 51.7892238234 ],
						[ 5.8555361553, 51.7892232035 ],
						[ 5.8555337299, 51.7892228801 ],
						[ 5.8555313335, 51.7892225388 ],
						[ 5.8555289517, 51.7892221974 ],
						[ 5.8555253935, 51.7892216584 ],
						[ 5.8555207169, 51.7892208949 ],
						[ 5.8555172603, 51.789220284 ],
						[ 5.8555149656, 51.7892198528 ],
						[ 5.8555104343, 51.7892189545 ],
						[ 5.8555070939, 51.7892182269 ],
						[ 5.8555037826, 51.7892174633 ],
						[ 5.8555005148, 51.7892166458 ],
						[ 5.8554973052, 51.7892157924 ],
						[ 5.8554941245, 51.7892148851 ],
						[ 5.8554920331, 51.7892142563 ],
						[ 5.8554899708, 51.7892136006 ],
						[ 5.8554879375, 51.7892129178 ],
						[ 5.8554859188, 51.7892122171 ],
						[ 5.8554829705, 51.7892111302 ],
						[ 5.8554810389, 51.7892103756 ],
						[ 5.8554800949, 51.7892099893 ],
						[ 5.8554782214, 51.7892091988 ],
						[ 5.8554773064, 51.7892087946 ],
						[ 5.8554763914, 51.7892083903 ],
						[ 5.855474605, 51.7892075639 ],
						[ 5.8554728622, 51.7892067105 ],
						[ 5.8554711775, 51.7892058391 ],
						[ 5.8554695218, 51.7892049408 ],
						[ 5.8554679388, 51.7892040335 ],
						[ 5.8554663993, 51.7892030992 ],
						[ 5.8554649179, 51.789202147 ],
						[ 5.8554635091, 51.7892011858 ],
						[ 5.8554621294, 51.7892001797 ],
						[ 5.8554607642, 51.7891991467 ],
						[ 5.8554594426, 51.7891980777 ],
						[ 5.8554581355, 51.7891969638 ],
						[ 5.8554568429, 51.7891958229 ],
						[ 5.8554555648, 51.7891946461 ],
						[ 5.8554549258, 51.7891940442 ],
						[ 5.8554530523, 51.7891922027 ],
						[ 5.8554505542, 51.7891896425 ],
						[ 5.8554492907, 51.789188322 ],
						[ 5.8554418837, 51.7891803449 ],
						[ 5.8554397778, 51.789178153 ],
						[ 5.85543834, 51.7891766888 ],
						[ 5.8554360889, 51.7891744789 ],
						[ 5.8554345204, 51.7891730057 ],
						[ 5.8554328937, 51.7891715324 ],
						[ 5.8554303667, 51.7891693585 ],
						[ 5.8554286239, 51.7891679482 ],
						[ 5.8554258789, 51.7891658461 ],
						[ 5.8554239764, 51.7891644807 ],
						[ 5.8554220447, 51.7891631332 ],
						[ 5.855420055, 51.7891618217 ],
						[ 5.8554180363, 51.7891605281 ],
						[ 5.8554170196, 51.7891598993 ],
						[ 5.8554138826, 51.7891580308 ],
						[ 5.8554106729, 51.7891562341 ],
						[ 5.8554084799, 51.7891550663 ],
						[ 5.8554073761, 51.7891545004 ],
						[ 5.855423773, 51.7891476642 ],
						[ 5.8556406369, 51.7892118848 ],
						[ 5.8556489007, 51.7892140048 ],
						[ 5.855657426, 51.7892156757 ],
						[ 5.8556661545, 51.7892168884 ],
						[ 5.8556749993, 51.789217634 ],
						[ 5.8556839312, 51.7892179035 ],
						[ 5.8556928631, 51.7892177059 ],
						[ 5.8557017369, 51.7892170321 ],
						[ 5.8557104946, 51.7892158913 ],
						[ 5.8557190489, 51.7892142833 ],
						[ 5.8557273563, 51.7892122351 ],
						[ 5.8557353442, 51.7892097468 ],
						[ 5.855742969, 51.7892068452 ],
						[ 5.8557501581, 51.7892035484 ],
						[ 5.8557568679, 51.7891998833 ],
						[ 5.8557630403, 51.7891958768 ],
						[ 5.8557686464, 51.7891915649 ],
						[ 5.8558088763, 51.7891402621 ],
						[ 5.8558112146, 51.7891358424 ],
						[ 5.8558130445, 51.7891313239 ],
						[ 5.8558143371, 51.7891267335 ],
						[ 5.8558151068, 51.7891220982 ],
						[ 5.8558153247, 51.7891174449 ],
						[ 5.855814889, 51.7891119472 ],
						[ 5.8558136981, 51.7891064944 ],
						[ 5.855811781, 51.7891011225 ],
						[ 5.8558091232, 51.7890958673 ],
						[ 5.8558057537, 51.7890907829 ],
						[ 5.8558017017, 51.7890858871 ],
						[ 5.8557969961, 51.7890812158 ],
						[ 5.8557916515, 51.7890768231 ],
						[ 5.8557857405, 51.7890727178 ],
						[ 5.8557792921, 51.7890689448 ],
						[ 5.8557723353, 51.7890655223 ],
						[ 5.8557649429, 51.789062477 ],
						[ 5.8555288355, 51.7889944296 ],
						[ 5.8555209202, 51.7889934864 ],
						[ 5.8555129178, 51.7889929384 ],
						[ 5.8555048719, 51.7889927767 ],
						[ 5.8555019381, 51.7889804967 ],
						[ 5.855506179, 51.788980344 ],
						[ 5.8555103617, 51.7889802182 ],
						[ 5.8555159242, 51.7889800745 ],
						[ 5.8555228809, 51.7889799398 ],
						[ 5.8555284289, 51.7889798679 ],
						[ 5.8555325826, 51.788979832 ],
						[ 5.8555394812, 51.788979823 ],
						[ 5.8555450001, 51.7889798589 ],
						[ 5.8555494733, 51.7889799218 ],
						[ 5.8555546146, 51.7889800116 ],
						[ 5.8555600899, 51.7889801554 ],
						[ 5.8555641855, 51.7889802901 ],
						[ 5.8555682666, 51.7889804518 ],
						[ 5.8555723477, 51.7889806404 ],
						[ 5.8555764143, 51.788980856 ],
						[ 5.855582732, 51.7889812423 ],
						[ 5.8555838793, 51.7889813232 ],
						[ 5.8555911265, 51.7889818622 ],
						[ 5.8555965728, 51.7889823203 ],
						[ 5.8556034133, 51.7889829491 ],
						[ 5.8556115755, 51.7889837576 ],
						[ 5.8556175591, 51.7889843685 ],
						[ 5.8556220759, 51.7889848356 ],
						[ 5.8556341885, 51.7889861112 ],
						[ 5.8556413776, 51.7889868478 ],
						[ 5.8556486393, 51.7889875575 ],
						[ 5.8556544922, 51.7889880965 ],
						[ 5.8556557122, 51.7889882043 ],
						[ 5.8556603597, 51.7889885995 ],
						[ 5.8556662707, 51.7889890666 ],
						[ 5.8556692335, 51.7889892822 ],
						[ 5.8556765969, 51.7889897763 ],
						[ 5.8556908734, 51.7889906836 ],
						[ 5.8556956952, 51.788991025 ],
						[ 5.8556996165, 51.7889913035 ],
						[ 5.8557009527, 51.7889914112 ],
						[ 5.8557073285, 51.7889919502 ],
						[ 5.8557118888, 51.7889924084 ],
						[ 5.8557133993, 51.7889925701 ],
						[ 5.8557144885, 51.7889926958 ],
						[ 5.8557190634, 51.7889932438 ],
						[ 5.855722825, 51.7889937738 ],
						[ 5.8557252939, 51.7889941511 ],
						[ 5.8557289393, 51.7889947709 ],
						[ 5.8557313357, 51.7889952291 ],
						[ 5.8557331947, 51.7889956064 ],
						[ 5.8557341968, 51.788995813 ],
						[ 5.8557371596, 51.7889964777 ],
						[ 5.8557391057, 51.7889969628 ],
						[ 5.8557397738, 51.7889971335 ],
						[ 5.8557417199, 51.7889976456 ],
						[ 5.8557440001, 51.7889982834 ],
						[ 5.8557468031, 51.7889991368 ],
						[ 5.8557480667, 51.788999532 ],
						[ 5.8557490688, 51.7889998644 ],
						[ 5.8557507535, 51.7890004214 ],
						[ 5.8557540649, 51.7890016071 ],
						[ 5.8557558367, 51.7890022809 ],
						[ 5.8557566936, 51.7890026132 ],
						[ 5.8557594966, 51.7890037451 ],
						[ 5.8557616461, 51.7890046614 ],
						[ 5.8557637665, 51.7890055956 ],
						[ 5.8557669036, 51.7890070599 ],
						[ 5.8557699825, 51.789008587 ],
						[ 5.8557730179, 51.7890101681 ],
						[ 5.8557759952, 51.789011812 ],
						[ 5.8557779414, 51.7890129349 ],
						[ 5.8557802797, 51.7890143363 ],
						[ 5.8557827196, 51.7890158544 ],
						[ 5.8557845786, 51.7890170581 ],
						[ 5.8557864085, 51.7890182799 ],
						[ 5.8557890954, 51.7890201573 ],
						[ 5.8557908527, 51.7890214329 ],
						[ 5.8557934379, 51.7890233733 ],
						[ 5.8557951081, 51.7890246938 ],
						[ 5.8557964588, 51.7890257808 ],
						[ 5.8557971994, 51.7890264006 ],
						[ 5.8557978385, 51.7890269217 ],
						[ 5.8557987825, 51.7890277301 ],
						[ 5.855800656, 51.7890293651 ],
						[ 5.8558035898, 51.7890320959 ],
						[ 5.8558049985, 51.7890334794 ],
						[ 5.8558063637, 51.7890348717 ],
						[ 5.8558076999, 51.7890362821 ],
						[ 5.8558094427, 51.7890382314 ],
						[ 5.8558097332, 51.7890385548 ],
						[ 5.8558114324, 51.7890405581 ],
						[ 5.8558136981, 51.7890434686 ],
						[ 5.8558152956, 51.7890456785 ],
						[ 5.8558162978, 51.7890471697 ],
						[ 5.8558172563, 51.7890486699 ],
						[ 5.8558181713, 51.789050179 ],
						[ 5.8558190427, 51.7890516972 ],
						[ 5.8558197253, 51.7890529728 ],
						[ 5.8558199722, 51.7890534399 ],
						[ 5.8558210614, 51.7890556318 ],
						[ 5.8558236466, 51.7890611385 ],
						[ 5.8558240242, 51.7890623243 ],
						[ 5.855824184, 51.78906298 ],
						[ 5.8558252878, 51.7890680914 ],
						[ 5.8558262899, 51.7890732029 ],
						[ 5.8558274808, 51.7890782873 ],
						[ 5.8558291074, 51.7890833538 ],
						[ 5.855830066, 51.7890856715 ],
						[ 5.8558345973, 51.7890932443 ],
						[ 5.8558418009, 51.7890999996 ],
						[ 5.8558442408, 51.7891015357 ],
						[ 5.8558506166, 51.7891047966 ],
						[ 5.8558543637, 51.7891065573 ],
						[ 5.8558562372, 51.7891075365 ],
						[ 5.8558575443, 51.789108318 ],
						[ 5.8558586916, 51.7891090636 ],
						[ 5.8558596792, 51.7891097643 ],
						[ 5.8558608702, 51.7891106716 ],
						[ 5.8558614511, 51.7891111567 ],
						[ 5.8558625404, 51.7891121358 ],
						[ 5.8558637603, 51.7891133216 ],
						[ 5.8558643122, 51.7891138876 ],
						[ 5.8558648205, 51.7891144445 ],
						[ 5.8558657355, 51.7891155045 ],
						[ 5.8558665343, 51.7891164837 ],
						[ 5.8558668829, 51.7891169418 ],
						[ 5.8558686692, 51.7891193852 ],
						[ 5.8558690323, 51.7891199332 ],
						[ 5.8558695116, 51.7891207597 ],
						[ 5.8558699037, 51.7891215861 ],
						[ 5.8558703249, 51.7891227 ],
						[ 5.8558704121, 51.7891229875 ],
						[ 5.8558705573, 51.7891235534 ],
						[ 5.8558706735, 51.7891241283 ],
						[ 5.8558707751, 51.7891247033 ],
						[ 5.8558709058, 51.789125889 ],
						[ 5.8558709494, 51.7891264909 ],
						[ 5.8558709639, 51.7891271018 ],
						[ 5.8558709494, 51.7891283504 ],
						[ 5.8558708913, 51.789129644 ],
						[ 5.8558704266, 51.7891353393 ],
						[ 5.8558702813, 51.7891377378 ],
						[ 5.8558702378, 51.7891394267 ],
						[ 5.8558702232, 51.7891420947 ],
						[ 5.8558701652, 51.7891438913 ],
						[ 5.8558699764, 51.7891466042 ],
						[ 5.8558696859, 51.7891493441 ],
						[ 5.8558694535, 51.7891511856 ],
						[ 5.8558688726, 51.7891549046 ],
						[ 5.8558683497, 51.7891577253 ],
						[ 5.8558680738, 51.7891591267 ],
						[ 5.8558672314, 51.7891628547 ],
						[ 5.8558666069, 51.7891652622 ],
						[ 5.8558662729, 51.789166412 ],
						[ 5.8558655612, 51.7891686758 ],
						[ 5.8558651836, 51.7891697897 ],
						[ 5.8558643703, 51.7891719816 ],
						[ 5.8558639346, 51.7891730596 ],
						[ 5.8558634263, 51.7891742184 ],
						[ 5.8558624242, 51.7891763564 ],
						[ 5.8558615963, 51.7891779195 ],
						[ 5.8558610154, 51.7891789525 ],
						[ 5.8558607249, 51.7891794556 ],
						[ 5.8558597809, 51.7891809737 ],
						[ 5.8558584302, 51.789182941 ],
						[ 5.8558573845, 51.7891843245 ],
						[ 5.8558562662, 51.7891856989 ],
						[ 5.8558550172, 51.7891871362 ],
						[ 5.8558536811, 51.7891885555 ],
						[ 5.855852737, 51.7891894988 ],
						[ 5.8558512992, 51.7891908822 ],
						[ 5.8558494547, 51.7891925261 ],
						[ 5.8558475231, 51.789194152 ],
						[ 5.855846521, 51.7891949605 ],
						[ 5.8558454898, 51.78919576 ],
						[ 5.855843384, 51.789197341 ],
						[ 5.8558411909, 51.7891988951 ],
						[ 5.8558400581, 51.7891996677 ],
						[ 5.8558377489, 51.7892011858 ],
						[ 5.855835367, 51.789202686 ],
						[ 5.8558336678, 51.7892037281 ],
						[ 5.8558327818, 51.789204312 ],
						[ 5.8558320121, 51.7892048959 ],
						[ 5.8558315619, 51.7892053181 ],
						[ 5.8558314312, 51.7892054618 ],
						[ 5.8558312278, 51.7892057403 ],
						[ 5.8558310971, 51.7892060188 ],
						[ 5.8558310245, 51.7892062972 ],
						[ 5.855831039, 51.7892065667 ],
						[ 5.8558311407, 51.7892068362 ],
						[ 5.8558313295, 51.7892070967 ],
						[ 5.8558316345, 51.7892073573 ],
						[ 5.8558316345, 51.7892074022 ],
						[ 5.8558212067, 51.7892097468 ],
						[ 5.8558191879, 51.7892102498 ],
						[ 5.8558115341, 51.7892123788 ],
						[ 5.8558041707, 51.7892147953 ],
						[ 5.8557970833, 51.7892174723 ],
						[ 5.8557902427, 51.7892204008 ],
						[ 5.8557869314, 51.7892219908 ],
						[ 5.8557870185, 51.7892220537 ],
						[ 5.8557856097, 51.7892226825 ],
						[ 5.8557808896, 51.7892249193 ],
						[ 5.8557801344, 51.7892252427 ],
						[ 5.8557793937, 51.7892255481 ],
						[ 5.8557786095, 51.7892258446 ],
						[ 5.8557769393, 51.7892264465 ],
						[ 5.8557741798, 51.7892273268 ],
						[ 5.8557722191, 51.7892279017 ],
						[ 5.8557690966, 51.7892287551 ],
						[ 5.8557658143, 51.7892295726 ],
						[ 5.8557624158, 51.7892303721 ],
						[ 5.8557578119, 51.7892313692 ],
						[ 5.8557543263, 51.7892320789 ],
						[ 5.8557520025, 51.7892325281 ],
						[ 5.8557496643, 51.7892329592 ],
						[ 5.8557462803, 51.7892335431 ],
						[ 5.8557462077, 51.7892263926 ]
					],
					[
						[ 5.8557031457, 51.7890001608 ],
						[ 5.8556886513, 51.7890002147 ],
						[ 5.855688753, 51.7890092069 ],
						[ 5.8557032474, 51.789009144 ],
						[ 5.8557031457, 51.7890001608 ]
					]
				]
			},
			"properties" : {
				"object_name" : "Gras",
				"object_height" : 1,
				"tree_crown_diameter" : null
			}
		},
		{
			"type" : "Feature",
			"geometry" : {
				"type" : "Polygon",
				"coordinates" : [
					[
						[ 5.8547083489, 51.7889693396 ],
						[ 5.8546967011, 51.7889678305 ],
						[ 5.8546859102, 51.7889665818 ],
						[ 5.8546713577, 51.7889651445 ],
						[ 5.8546570521, 51.7889640396 ],
						[ 5.8546556288, 51.788958488 ],
						[ 5.8546524337, 51.7889561344 ],
						[ 5.8546475829, 51.7889545444 ],
						[ 5.8546391302, 51.7889539964 ],
						[ 5.8546284555, 51.7889535113 ],
						[ 5.8546194219, 51.7889528735 ],
						[ 5.8546094443, 51.7889518854 ],
						[ 5.8545990456, 51.788950511 ],
						[ 5.8545902298, 51.7889492443 ],
						[ 5.8545776816, 51.7889463338 ],
						[ 5.8545671521, 51.7889433065 ],
						[ 5.8545581476, 51.788940342 ],
						[ 5.8545476617, 51.7889364703 ],
						[ 5.8545373355, 51.788932383 ],
						[ 5.8545104526, 51.7889207767 ],
						[ 5.8545005331, 51.7889166355 ],
						[ 5.8544909622, 51.7889128626 ],
						[ 5.8544792563, 51.7889086674 ],
						[ 5.854470092, 51.7889057659 ],
						[ 5.8544615668, 51.7889033494 ],
						[ 5.8544485683, 51.7889000616 ],
						[ 5.8544384164, 51.78889769 ],
						[ 5.8544234428, 51.7888942674 ],
						[ 5.8544094422, 51.7888908898 ],
						[ 5.8544007572, 51.7888885721 ],
						[ 5.8543946428, 51.7888867665 ],
						[ 5.8543855512, 51.7888837122 ],
						[ 5.8543775342, 51.7888805232 ],
						[ 5.8543693575, 51.7888767323 ],
						[ 5.8543623427, 51.7888730223 ],
						[ 5.8543549067, 51.7888686295 ],
						[ 5.8543488359, 51.7888646859 ],
						[ 5.8543419954, 51.788859862 ],
						[ 5.8543354744, 51.7888548763 ],
						[ 5.8543297812, 51.7888501781 ],
						[ 5.8543249594, 51.7888457494 ],
						[ 5.8543201376, 51.7888404494 ],
						[ 5.8543161582, 51.788833191 ],
						[ 5.8543107119, 51.7888239293 ],
						[ 5.8542715858, 51.7887668594 ],
						[ 5.853929196, 51.788681205 ],
						[ 5.853837161, 51.7887054685 ],
						[ 5.8538178739, 51.7887351309 ],
						[ 5.8538163489, 51.7887347266 ],
						[ 5.8538148385, 51.7887342146 ],
						[ 5.8538133135, 51.7887336127 ],
						[ 5.8538125583, 51.7887332804 ],
						[ 5.8538110188, 51.7887325437 ],
						[ 5.8538102345, 51.7887321395 ],
						[ 5.8538086805, 51.7887312771 ],
						[ 5.8538078963, 51.78873081 ],
						[ 5.8538063132, 51.7887298039 ],
						[ 5.8538055144, 51.7887292739 ],
						[ 5.8538047156, 51.7887287259 ],
						[ 5.8538031471, 51.788727594 ],
						[ 5.8538016367, 51.7887264262 ],
						[ 5.8537994872, 51.7887246386 ],
						[ 5.8537981365, 51.7887234079 ],
						[ 5.8537968294, 51.7887221682 ],
						[ 5.8537962049, 51.7887215304 ],
						[ 5.853795014, 51.7887202638 ],
						[ 5.8537944331, 51.788719617 ],
						[ 5.8537933293, 51.7887183144 ],
						[ 5.8537922836, 51.7887169849 ],
						[ 5.8537913105, 51.7887156464 ],
						[ 5.853790381, 51.788714281 ],
						[ 5.8537895387, 51.7887129066 ],
						[ 5.8537887399, 51.7887115142 ],
						[ 5.8537876797, 51.7887094031 ],
						[ 5.8537870552, 51.7887079838 ],
						[ 5.8537865033, 51.7887065645 ],
						[ 5.853786024, 51.7887051361 ],
						[ 5.8537858061, 51.7887044175 ],
						[ 5.8537852833, 51.7887022885 ],
						[ 5.8537850364, 51.7887008781 ],
						[ 5.8537849347, 51.7887001684 ],
						[ 5.853784804, 51.7886987761 ],
						[ 5.8537847605, 51.7886980754 ],
						[ 5.8537847459, 51.7886973837 ],
						[ 5.8537847605, 51.788696692 ],
						[ 5.8537848331, 51.7886953175 ],
						[ 5.8537849928, 51.7886939611 ],
						[ 5.853785109, 51.7886932784 ],
						[ 5.8537853995, 51.7886919399 ],
						[ 5.8537857916, 51.7886906104 ],
						[ 5.853786024, 51.7886899456 ],
						[ 5.8537865323, 51.7886886341 ],
						[ 5.8537871568, 51.7886873495 ],
						[ 5.8537874909, 51.7886867207 ],
						[ 5.8537882316, 51.788685481 ],
						[ 5.8537890449, 51.7886842862 ],
						[ 5.8537894806, 51.7886837113 ],
						[ 5.8537904101, 51.7886825974 ],
						[ 5.8537913977, 51.7886815554 ],
						[ 5.8537919205, 51.7886810523 ],
						[ 5.8537929952, 51.7886801091 ],
						[ 5.8537935616, 51.7886796599 ],
						[ 5.8537941426, 51.7886792287 ],
						[ 5.8537953626, 51.7886784023 ],
						[ 5.8537960016, 51.788678007 ],
						[ 5.8537973813, 51.7886772345 ],
						[ 5.8537988917, 51.7886764799 ],
						[ 5.8537996905, 51.7886761116 ],
						[ 5.8538013898, 51.7886753929 ],
						[ 5.8538031907, 51.7886747102 ],
						[ 5.8538041202, 51.7886743688 ],
						[ 5.8538060808, 51.788673722 ],
						[ 5.8538081141, 51.7886730932 ],
						[ 5.8538102636, 51.7886724824 ],
						[ 5.8538136476, 51.788671593 ],
						[ 5.8538148385, 51.7886713056 ],
						[ 5.8538185129, 51.7886704432 ],
						[ 5.8538210981, 51.7886698773 ],
						[ 5.8538265153, 51.7886687274 ],
						[ 5.8538319761, 51.7886676135 ],
						[ 5.8538360136, 51.788666823 ],
						[ 5.8538399931, 51.7886660774 ],
						[ 5.8538439289, 51.7886653857 ],
						[ 5.8538465431, 51.7886649545 ],
						[ 5.8538504064, 51.7886643526 ],
						[ 5.853852977, 51.7886639843 ],
						[ 5.8538567676, 51.7886634992 ],
						[ 5.8538605147, 51.788663086 ],
						[ 5.8538642036, 51.7886627536 ],
						[ 5.8538654236, 51.7886626638 ],
						[ 5.8538690544, 51.7886624392 ],
						[ 5.8538702599, 51.7886623853 ],
						[ 5.8538738326, 51.7886622865 ],
						[ 5.853875009, 51.7886622775 ],
						[ 5.8538773618, 51.7886622865 ],
						[ 5.8538796856, 51.7886623404 ],
						[ 5.8538819803, 51.7886624302 ],
						[ 5.8538842605, 51.788662574 ],
						[ 5.8538853933, 51.7886626638 ],
						[ 5.8538877025, 51.7886628794 ],
						[ 5.8538888644, 51.7886630051 ],
						[ 5.8538912462, 51.7886632926 ],
						[ 5.8538924517, 51.7886634543 ],
						[ 5.8538949207, 51.7886638136 ],
						[ 5.8538961552, 51.7886640023 ],
						[ 5.8538999312, 51.7886646311 ],
						[ 5.8539050871, 51.7886655653 ],
						[ 5.853909052, 51.7886663199 ],
						[ 5.8539177951, 51.7886680177 ],
						[ 5.8539208886, 51.7886686017 ],
						[ 5.853923953, 51.7886691586 ],
						[ 5.853927061, 51.7886696976 ],
						[ 5.8539302271, 51.7886702096 ],
						[ 5.8539334368, 51.7886706947 ],
						[ 5.8539350779, 51.7886709193 ],
						[ 5.8539367336, 51.7886711349 ],
						[ 5.853940074, 51.7886715212 ],
						[ 5.8539417732, 51.7886717008 ],
						[ 5.8539451863, 51.7886719973 ],
						[ 5.8539486719, 51.7886722219 ],
						[ 5.8539504292, 51.7886723027 ],
						[ 5.8539521865, 51.7886723566 ],
						[ 5.8539539584, 51.7886723925 ],
						[ 5.8539557448, 51.7886724015 ],
						[ 5.8539575457, 51.7886723836 ],
						[ 5.8539593466, 51.7886723386 ],
						[ 5.853961162, 51.7886722668 ],
						[ 5.853962992, 51.788672168 ],
						[ 5.8539648365, 51.7886720332 ],
						[ 5.8539666664, 51.7886718715 ],
						[ 5.8539684673, 51.7886716829 ],
						[ 5.8539702246, 51.7886714763 ],
						[ 5.8539736377, 51.7886710271 ],
						[ 5.8539796794, 51.7886701468 ],
						[ 5.8539809575, 51.7886699671 ],
						[ 5.8539833248, 51.7886696617 ],
						[ 5.8539854742, 51.7886694281 ],
						[ 5.8539864764, 51.7886693383 ],
						[ 5.8539874494, 51.7886692754 ],
						[ 5.853989381, 51.7886692035 ],
						[ 5.8539913417, 51.7886692125 ],
						[ 5.8539923438, 51.7886692574 ],
						[ 5.8539933605, 51.7886693113 ],
						[ 5.8539943916, 51.7886693922 ],
						[ 5.853996483, 51.7886696078 ],
						[ 5.8539975432, 51.7886697515 ],
						[ 5.8539986325, 51.7886699042 ],
						[ 5.8540008255, 51.7886702815 ],
						[ 5.8540030912, 51.7886707307 ],
						[ 5.854004253, 51.7886709822 ],
						[ 5.8540054294, 51.7886712517 ],
						[ 5.8540078403, 51.7886718446 ],
						[ 5.8540090748, 51.788672168 ],
						[ 5.8540116019, 51.7886728686 ],
						[ 5.8540155087, 51.7886740275 ],
						[ 5.8540195317, 51.7886752761 ],
						[ 5.8540278972, 51.788677998 ],
						[ 5.8540323414, 51.7886794263 ],
						[ 5.8540368581, 51.7886808367 ],
						[ 5.8540399226, 51.788681753 ],
						[ 5.8540414766, 51.7886821932 ],
						[ 5.8540430451, 51.7886826333 ],
						[ 5.8540461531, 51.7886834688 ],
						[ 5.8540492902, 51.7886842503 ],
						[ 5.8540508732, 51.7886846276 ],
						[ 5.8540524563, 51.7886849959 ],
						[ 5.8540556369, 51.7886857056 ],
						[ 5.8540588321, 51.7886863613 ],
						[ 5.8540620127, 51.7886869812 ],
						[ 5.8540636103, 51.7886872776 ],
						[ 5.8540667909, 51.7886878346 ],
						[ 5.8540699861, 51.7886883556 ],
						[ 5.8540747498, 51.7886890743 ],
						[ 5.8540795135, 51.788689721 ],
						[ 5.8540826796, 51.7886901163 ],
						[ 5.8540874142, 51.7886906643 ],
						[ 5.8540905513, 51.7886909967 ],
						[ 5.8540952423, 51.7886914638 ],
						[ 5.8540983503, 51.7886917512 ],
						[ 5.8541030124, 51.7886921555 ],
						[ 5.8541091848, 51.7886926585 ],
						[ 5.85413036, 51.7886942665 ],
						[ 5.8541361984, 51.7886947426 ],
						[ 5.8541405119, 51.7886951199 ],
						[ 5.8541447672, 51.7886955242 ],
						[ 5.8541475848, 51.7886958116 ],
						[ 5.854151782, 51.7886962698 ],
						[ 5.8541559212, 51.7886967638 ],
						[ 5.8541586661, 51.7886971232 ],
						[ 5.8541627472, 51.7886976981 ],
						[ 5.8541654631, 51.7886981113 ],
						[ 5.8541681499, 51.7886985515 ],
						[ 5.8541721729, 51.7886992612 ],
						[ 5.8541748307, 51.7886997642 ],
						[ 5.8541774595, 51.7887002942 ],
						[ 5.8541800882, 51.7887008512 ],
						[ 5.8541826879, 51.7887014351 ],
						[ 5.8541865366, 51.7887023603 ],
						[ 5.8541903272, 51.7887033485 ],
						[ 5.8541928252, 51.7887040402 ],
						[ 5.8541952942, 51.7887047499 ],
						[ 5.8541977342, 51.7887054955 ],
						[ 5.8542001305, 51.788706268 ],
						[ 5.8542036742, 51.7887074718 ],
						[ 5.8542048361, 51.788707885 ],
						[ 5.8542071308, 51.7887087384 ],
						[ 5.854209382, 51.7887096187 ],
						[ 5.854211575, 51.788710517 ],
						[ 5.8542126497, 51.7887109752 ],
						[ 5.8542147847, 51.7887119094 ],
						[ 5.8542158449, 51.7887123945 ],
						[ 5.8542189965, 51.7887139037 ],
						[ 5.8542210878, 51.7887149547 ],
						[ 5.8542231647, 51.7887160327 ],
						[ 5.854225227, 51.7887171466 ],
						[ 5.8542282915, 51.7887188714 ],
						[ 5.8542303393, 51.7887200572 ],
						[ 5.8542323725, 51.7887212609 ],
						[ 5.8542344058, 51.7887224916 ],
						[ 5.8542374557, 51.788724387 ],
						[ 5.8542405202, 51.7887263274 ],
						[ 5.8542446448, 51.7887289684 ],
						[ 5.8542500476, 51.7887324629 ],
						[ 5.8542544191, 51.7887352566 ],
						[ 5.8542599671, 51.7887387152 ],
						[ 5.8542622327, 51.7887400896 ],
						[ 5.8542645419, 51.788741464 ],
						[ 5.8542668802, 51.7887428205 ],
						[ 5.8542692621, 51.7887441679 ],
						[ 5.8542716875, 51.7887455064 ],
						[ 5.85427542, 51.7887474737 ],
						[ 5.8542766981, 51.7887481295 ],
						[ 5.8542792832, 51.7887494141 ],
						[ 5.854281941, 51.7887506807 ],
						[ 5.8542832917, 51.7887513006 ],
						[ 5.8542860221, 51.7887525312 ],
						[ 5.8542874163, 51.7887531331 ],
						[ 5.8542902484, 51.7887543099 ],
						[ 5.8542916862, 51.7887548848 ],
						[ 5.8542946054, 51.7887560077 ],
						[ 5.8542960868, 51.7887565557 ],
						[ 5.8542975682, 51.7887570857 ],
						[ 5.8543006036, 51.7887581188 ],
						[ 5.8543021286, 51.7887586128 ],
						[ 5.8543052366, 51.7887595651 ],
						[ 5.8543084027, 51.7887604634 ],
						[ 5.8543116269, 51.7887612988 ],
						[ 5.854313268, 51.7887616941 ],
						[ 5.8543165794, 51.7887624307 ],
						[ 5.8543199198, 51.7887630954 ],
						[ 5.8543232602, 51.7887636704 ],
						[ 5.8543249158, 51.7887639309 ],
						[ 5.854326586, 51.7887641734 ],
						[ 5.8543299409, 51.7887645956 ],
						[ 5.8543316402, 51.7887647843 ],
						[ 5.8543350096, 51.7887651166 ],
						[ 5.8543383936, 51.7887653861 ],
						[ 5.8543417485, 51.7887656017 ],
						[ 5.8543451034, 51.7887657634 ],
						[ 5.8543484293, 51.7887658892 ],
						[ 5.8543533672, 51.788766006 ],
						[ 5.854356635, 51.7887660419 ],
						[ 5.8543630689, 51.7887660599 ],
						[ 5.8543797563, 51.7887659431 ],
						[ 5.8543840698, 51.7887659431 ],
						[ 5.8543868728, 51.7887659611 ],
						[ 5.8543896468, 51.788765997 ],
						[ 5.8543937133, 51.7887660958 ],
						[ 5.8543963711, 51.7887661946 ],
						[ 5.8543989563, 51.7887663294 ],
						[ 5.8544014834, 51.7887664911 ],
						[ 5.8544039378, 51.7887666887 ],
						[ 5.8544074815, 51.788767057 ],
						[ 5.8544086434, 51.7887672007 ],
						[ 5.8544109091, 51.7887675151 ],
						[ 5.8544131021, 51.7887678745 ],
						[ 5.854415237, 51.7887682787 ],
						[ 5.8544173139, 51.7887687279 ],
						[ 5.8544193472, 51.7887692399 ],
						[ 5.8544203493, 51.7887695094 ],
						[ 5.854422368, 51.7887701113 ],
						[ 5.8544244159, 51.788770785 ],
						[ 5.8544254325, 51.7887711443 ],
						[ 5.8544274948, 51.7887719079 ],
						[ 5.854428526, 51.7887723211 ],
						[ 5.8544295426, 51.7887727344 ],
						[ 5.8544315904, 51.7887736147 ],
						[ 5.8544336237, 51.788774549 ],
						[ 5.8544346403, 51.788775034 ],
						[ 5.8544366736, 51.7887760402 ],
						[ 5.8544376903, 51.7887765612 ],
						[ 5.8544387069, 51.7887770912 ],
						[ 5.8544407257, 51.7887781871 ],
						[ 5.8544427444, 51.788779328 ],
						[ 5.8544447632, 51.7887805048 ],
						[ 5.8544478131, 51.7887823373 ],
						[ 5.854450863, 51.7887842597 ],
						[ 5.8544539275, 51.788786236 ],
						[ 5.8544589671, 51.7887895957 ],
						[ 5.8544628884, 51.7887922997 ],
						[ 5.8544676521, 51.7887956414 ],
						[ 5.8544704261, 51.7887976267 ],
						[ 5.8544842379, 51.7888076159 ],
						[ 5.8544900327, 51.7888117482 ],
						[ 5.8544949416, 51.7888151708 ],
						[ 5.8544989501, 51.7888179017 ],
						[ 5.8545030457, 51.7888206056 ],
						[ 5.854507243, 51.7888232915 ],
						[ 5.8545093634, 51.7888246121 ],
						[ 5.8545136914, 51.7888272262 ],
						[ 5.8545181065, 51.7888297864 ],
						[ 5.8545192248, 51.7888304152 ],
						[ 5.8545237561, 51.7888329215 ],
						[ 5.8545272127, 51.788834772 ],
						[ 5.854529551, 51.7888359937 ],
						[ 5.8545331092, 51.7888377993 ],
						[ 5.8545366965, 51.788839578 ],
						[ 5.8545403419, 51.7888413387 ],
						[ 5.8545440308, 51.7888430635 ],
						[ 5.8545477488, 51.7888447523 ],
						[ 5.8545515104, 51.7888464232 ],
						[ 5.8545553155, 51.7888480581 ],
						[ 5.8545591497, 51.7888496571 ],
						[ 5.8545630275, 51.7888512381 ],
						[ 5.8545682414, 51.7888532953 ],
						[ 5.8545708846, 51.7888543014 ],
						[ 5.8545735279, 51.7888552985 ],
						[ 5.854578858, 51.7888572479 ],
						[ 5.8545842462, 51.7888591433 ],
						[ 5.8545896925, 51.7888609849 ],
						[ 5.8545951823, 51.7888627725 ],
						[ 5.8546007303, 51.7888645152 ],
						[ 5.854604913, 51.7888657819 ],
						[ 5.8546091248, 51.7888670215 ],
						[ 5.8546119424, 51.78886783 ],
						[ 5.8546176065, 51.7888694021 ],
						[ 5.8546233142, 51.7888709292 ],
						[ 5.8546276277, 51.7888720341 ],
						[ 5.8546319411, 51.7888731121 ],
						[ 5.8546362836, 51.7888741631 ],
						[ 5.8546406697, 51.7888751872 ],
						[ 5.8546450994, 51.7888761843 ],
						[ 5.8546495581, 51.7888771545 ],
						[ 5.8546540313, 51.7888780978 ],
						[ 5.8546585335, 51.7888790051 ],
						[ 5.8546645462, 51.7888801639 ],
						[ 5.8546690485, 51.7888809903 ],
						[ 5.8546735508, 51.7888817809 ],
						[ 5.8546795344, 51.788882769 ],
						[ 5.8546855616, 51.7888836943 ],
						[ 5.8546900929, 51.788884341 ],
						[ 5.8546931138, 51.7888847543 ],
						[ 5.8546991846, 51.7888855178 ],
						[ 5.8547052845, 51.7888862095 ],
						[ 5.8547098739, 51.7888866767 ],
						[ 5.8547129383, 51.7888869641 ],
						[ 5.8547175422, 51.7888873504 ],
						[ 5.8547206067, 51.788887584 ],
						[ 5.8547236856, 51.7888877996 ],
						[ 5.8547283186, 51.788888078 ],
						[ 5.8547329516, 51.7888883026 ],
						[ 5.8547360451, 51.7888884284 ],
						[ 5.8547422466, 51.7888885991 ],
						[ 5.8547468941, 51.7888886619 ],
						[ 5.854749944, 51.7888886799 ],
						[ 5.8547533861, 51.7888886619 ],
						[ 5.8547083489, 51.7889693396 ]
					],
					[
						[ 5.8544561495, 51.788850241 ],
						[ 5.8544416552, 51.7888502949 ],
						[ 5.8544417423, 51.788859287 ],
						[ 5.8544562367, 51.7888592242 ],
						[ 5.8544561495, 51.788850241 ]
					]
				]
			},
			"properties" : {
				"object_name" : "Gras",
				"object_height" : 1,
				"tree_crown_diameter" : null
			}
		},
		{
			"type" : "Feature",
			"geometry" : {
				"type" : "Polygon",
				"coordinates" : [
					[
						[ 5.8547763331, 51.7888878984 ],
						[ 5.8547293207, 51.7889720615 ],
						[ 5.8547083489, 51.7889693396 ],
						[ 5.8547533861, 51.7888886619 ],
						[ 5.8547763331, 51.7888878984 ]
					]
				]
			},
			"properties" : {
				"object_name" : "Gras",
				"object_height" : 1,
				"tree_crown_diameter" : null
			}
		},
		{
			"type" : "Feature",
			"geometry" : {
				"type" : "Polygon",
				"coordinates" : [
					[
						[ 5.8535227287, 51.7889271098 ],
						[ 5.8535227868, 51.7889327513 ],
						[ 5.8535372812, 51.7889326884 ],
						[ 5.8535371941, 51.7889237052 ],
						[ 5.8535235856, 51.7889237591 ],
						[ 5.8535252703, 51.7889170846 ],
						[ 5.8535257206, 51.7889151622 ],
						[ 5.8535272746, 51.7889015348 ],
						[ 5.8535276086, 51.7888994777 ],
						[ 5.8535376733, 51.7888550021 ],
						[ 5.8536672078, 51.788869447 ],
						[ 5.8536631848, 51.78887958 ],
						[ 5.8536581161, 51.7888895513 ],
						[ 5.8536504768, 51.7889026038 ],
						[ 5.8536359679, 51.7889250976 ],
						[ 5.8536219964, 51.7889452648 ],
						[ 5.8536134276, 51.7889571765 ],
						[ 5.8536018814, 51.788972358 ],
						[ 5.8535923395, 51.7889841079 ],
						[ 5.8535829574, 51.7889945913 ],
						[ 5.8535720358, 51.7890047782 ],
						[ 5.8535632491, 51.7890112999 ],
						[ 5.8535542591, 51.789017121 ],
						[ 5.8535390966, 51.7890262569 ],
						[ 5.8535340861, 51.7890304161 ],
						[ 5.853498068, 51.7890244872 ],
						[ 5.8535227287, 51.7889271098 ]
					],
					[
						[ 5.8535283493, 51.7889657374 ],
						[ 5.8535138694, 51.7889657913 ],
						[ 5.8535139566, 51.7889747834 ],
						[ 5.853528451, 51.7889747206 ],
						[ 5.8535283493, 51.7889657374 ]
					]
				]
			},
			"properties" : {
				"object_name" : "Bloemrijk Gras",
				"object_height" : 1,
				"tree_crown_diameter" : null
			}
		},
		{
			"type" : "Feature",
			"geometry" : {
				"type" : "Polygon",
				"coordinates" : [
					[
						[ 5.8552511621, 51.7892138521 ],
						[ 5.8552523094, 51.7892094683 ],
						[ 5.8552029443, 51.7892048689 ],
						[ 5.8551648203, 51.7892013655 ],
						[ 5.8551620608, 51.7892011499 ],
						[ 5.8551707458, 51.7891767876 ],
						[ 5.8552068947, 51.7891606089 ],
						[ 5.855208957, 51.7891618935 ],
						[ 5.8552191379, 51.7891656305 ],
						[ 5.8552249618, 51.7891668163 ],
						[ 5.8552310762, 51.7891675529 ],
						[ 5.8552373212, 51.7891678494 ],
						[ 5.8552435518, 51.7891677236 ],
						[ 5.8552496226, 51.7891671756 ],
						[ 5.8552553739, 51.7891662054 ],
						[ 5.8552602102, 51.7891655497 ],
						[ 5.8552653079, 51.7891654059 ],
						[ 5.8552810077, 51.7891660797 ],
						[ 5.8552859166, 51.7891660078 ],
						[ 5.8552904625, 51.7891654688 ],
						[ 5.8552925538, 51.7891649568 ],
						[ 5.8552945, 51.7891642471 ],
						[ 5.8552980727, 51.7891620912 ],
						[ 5.8552995396, 51.7891607347 ],
						[ 5.8553007886, 51.7891592435 ],
						[ 5.8553017762, 51.7891576355 ],
						[ 5.8553025024, 51.7891559557 ],
						[ 5.8553029381, 51.7891542489 ],
						[ 5.8553030688, 51.7891525331 ],
						[ 5.8553024007, 51.7891492003 ],
						[ 5.855301631, 51.7891476103 ],
						[ 5.8553005998, 51.7891460832 ],
						[ 5.8552978258, 51.7891432804 ],
						[ 5.8553245635, 51.7891335696 ],
						[ 5.8553284122, 51.7891354292 ],
						[ 5.8553365453, 51.7891387439 ],
						[ 5.8553449834, 51.7891417713 ],
						[ 5.8553536249, 51.7891446189 ],
						[ 5.8553623389, 51.7891474127 ],
						[ 5.8553710239, 51.7891502603 ],
						[ 5.8553795637, 51.7891532877 ],
						[ 5.8553878421, 51.7891565935 ],
						[ 5.8553957573, 51.7891602227 ],
						[ 5.8554032514, 51.7891641842 ],
						[ 5.8554102372, 51.7891684602 ],
						[ 5.8554166565, 51.7891730596 ],
						[ 5.8554214493, 51.7891771289 ],
						[ 5.8554161047, 51.7891794017 ],
						[ 5.855410426, 51.7891814409 ],
						[ 5.8554006082, 51.7891840639 ],
						[ 5.8553984877, 51.7891844592 ],
						[ 5.8553923443, 51.7891853306 ],
						[ 5.8553860993, 51.7891858246 ],
						[ 5.855379767, 51.7891860133 ],
						[ 5.8553733477, 51.7891859594 ],
						[ 5.8553668267, 51.7891857258 ],
						[ 5.855360233, 51.7891853845 ],
						[ 5.8553535668, 51.7891849982 ],
						[ 5.8553468279, 51.7891846299 ],
						[ 5.8553400309, 51.7891843604 ],
						[ 5.8553382881, 51.7891843065 ],
						[ 5.8553262627, 51.7891842975 ],
						[ 5.8553193931, 51.789184576 ],
						[ 5.8553126107, 51.789185079 ],
						[ 5.8553059299, 51.7891858246 ],
						[ 5.8552994379, 51.7891868308 ],
						[ 5.8552931638, 51.7891881333 ],
						[ 5.8552871511, 51.7891897323 ],
						[ 5.8552814579, 51.7891916637 ],
						[ 5.8552761424, 51.7891939364 ],
						[ 5.855271248, 51.7891965775 ],
						[ 5.8552702894, 51.7891971614 ],
						[ 5.8552629696, 51.7892029375 ],
						[ 5.855259789, 51.7892065488 ],
						[ 5.8552574217, 51.7892103576 ],
						[ 5.8552559838, 51.7892142743 ],
						[ 5.8552511621, 51.7892138521 ]
					],
					[
						[ 5.8552351427, 51.789180309 ],
						[ 5.8552206483, 51.7891803719 ],
						[ 5.8552207355, 51.789189355 ],
						[ 5.8552352299, 51.7891893011 ],
						[ 5.8552351427, 51.789180309 ]
					]
				]
			},
			"properties" : {
				"object_name" : "Bloemrijk Gras",
				"object_height" : 1,
				"tree_crown_diameter" : null
			}
		},
		{
			"type" : "Feature",
			"geometry" : {
				"type" : "Polygon",
				"coordinates" : [
					[
						[ 5.8552559838, 51.7892142743 ],
						[ 5.8552574217, 51.7892103576 ],
						[ 5.855259789, 51.7892065488 ],
						[ 5.8552629696, 51.7892029375 ],
						[ 5.8552702894, 51.7891971614 ],
						[ 5.855271248, 51.7891965775 ],
						[ 5.8552761424, 51.7891939364 ],
						[ 5.8552814579, 51.7891916637 ],
						[ 5.8552871511, 51.7891897323 ],
						[ 5.8552931638, 51.7891881333 ],
						[ 5.8552994379, 51.7891868308 ],
						[ 5.8553059299, 51.7891858246 ],
						[ 5.8553126107, 51.789185079 ],
						[ 5.8553193931, 51.789184576 ],
						[ 5.8553262627, 51.7891842975 ],
						[ 5.8553382881, 51.7891843065 ],
						[ 5.8553400309, 51.7891843604 ],
						[ 5.8553468279, 51.7891846299 ],
						[ 5.8553535668, 51.7891849982 ],
						[ 5.855360233, 51.7891853845 ],
						[ 5.8553668267, 51.7891857258 ],
						[ 5.8553733477, 51.7891859594 ],
						[ 5.855379767, 51.7891860133 ],
						[ 5.8553860993, 51.7891858246 ],
						[ 5.8553923443, 51.7891853306 ],
						[ 5.8553984877, 51.7891844592 ],
						[ 5.8554006082, 51.7891840639 ],
						[ 5.855410426, 51.7891814409 ],
						[ 5.8554161047, 51.7891794017 ],
						[ 5.8554214493, 51.7891771289 ],
						[ 5.8554224369, 51.7891779734 ],
						[ 5.8554276944, 51.7891831207 ],
						[ 5.8554375703, 51.7891936849 ],
						[ 5.8554426825, 51.7891988592 ],
						[ 5.8554482595, 51.7892037999 ],
						[ 5.8554545046, 51.7892083993 ],
						[ 5.8554615775, 51.7892125675 ],
						[ 5.855469333, 51.7892163135 ],
						[ 5.855477655, 51.7892196372 ],
						[ 5.855486369, 51.7892225388 ],
						[ 5.85549533, 51.7892250451 ],
						[ 5.8555045088, 51.7892271921 ],
						[ 5.8555138328, 51.7892290246 ],
						[ 5.8555219659, 51.7892303721 ],
						[ 5.8555232585, 51.7892347469 ],
						[ 5.8555229535, 51.7892375407 ],
						[ 5.8552559838, 51.7892142743 ]
					],
					[
						[ 5.8553444025, 51.7891905228 ],
						[ 5.8553299081, 51.7891905767 ],
						[ 5.8553300098, 51.7891995689 ],
						[ 5.8553445042, 51.789199506 ],
						[ 5.8553444025, 51.7891905228 ]
					]
				]
			},
			"properties" : {
				"object_name" : "Heesters",
				"object_height" : 0.5,
				"tree_crown_diameter" : null
			}
		},
		{
			"type" : "Feature",
			"geometry" : {
				"type" : "Polygon",
				"coordinates" : [
					[
						[ 5.8538212869, 51.7886603372 ],
						[ 5.8538251646, 51.7886595376 ],
						[ 5.8538354908, 51.7886575344 ],
						[ 5.8538458169, 51.7886557917 ],
						[ 5.8538561141, 51.7886544352 ],
						[ 5.8538664112, 51.7886535639 ],
						[ 5.853886439, 51.7886536896 ],
						[ 5.8538869328, 51.7886537255 ],
						[ 5.8538971718, 51.7886549113 ],
						[ 5.8539074108, 51.7886566181 ],
						[ 5.8539176208, 51.7886585675 ],
						[ 5.8539278453, 51.7886604988 ],
						[ 5.8539380843, 51.7886621248 ],
						[ 5.8539483378, 51.7886631758 ],
						[ 5.8539586059, 51.7886633645 ],
						[ 5.8539633551, 51.788663086 ],
						[ 5.8539865054, 51.7886603012 ],
						[ 5.853989323, 51.7886602114 ],
						[ 5.853999286, 51.7886607953 ],
						[ 5.8540091039, 51.7886625111 ],
						[ 5.8540188491, 51.7886650443 ],
						[ 5.8540285507, 51.7886680537 ],
						[ 5.8540382814, 51.7886712157 ],
						[ 5.8540480847, 51.7886741802 ],
						[ 5.8540489852, 51.7886744317 ],
						[ 5.8540680399, 51.7886787077 ],
						[ 5.8540781628, 51.7886803336 ],
						[ 5.8540883873, 51.7886816362 ],
						[ 5.8540986553, 51.7886826872 ],
						[ 5.8541089815, 51.7886835766 ],
						[ 5.8541296919, 51.7886851576 ],
						[ 5.8541400326, 51.788686002 ],
						[ 5.8541503587, 51.7886869902 ],
						[ 5.8541679902, 51.788689236 ],
						[ 5.8541708513, 51.7886896941 ],
						[ 5.8541809596, 51.7886915446 ],
						[ 5.8541908936, 51.7886937635 ],
						[ 5.8542005517, 51.7886963506 ],
						[ 5.8542098758, 51.788699324 ],
						[ 5.8542187786, 51.7887026837 ],
						[ 5.8542219738, 51.7887040492 ],
						[ 5.8542350884, 51.788710562 ],
						[ 5.8542426697, 51.7887149368 ],
						[ 5.854250033, 51.7887195092 ],
						[ 5.8542646, 51.7887288517 ],
						[ 5.8542720506, 51.788733469 ],
						[ 5.8542797625, 51.7887379336 ],
						[ 5.8542834805, 51.7887399369 ],
						[ 5.8542964354, 51.7887460634 ],
						[ 5.8543054109, 51.7887495129 ],
						[ 5.8543148075, 51.7887523875 ],
						[ 5.8543245818, 51.7887545794 ],
						[ 5.8543261358, 51.7887548489 ],
						[ 5.854345176, 51.7887567533 ],
						[ 5.8543558217, 51.7887570408 ],
						[ 5.8543665545, 51.7887570498 ],
						[ 5.8543773164, 51.7887569689 ],
						[ 5.8543879766, 51.7887569869 ],
						[ 5.8543984625, 51.7887572833 ],
						[ 5.854408687, 51.7887580559 ],
						[ 5.8544237913, 51.788760652 ],
						[ 5.8544279305, 51.7887617929 ],
						[ 5.8544368189, 51.788764946 ],
						[ 5.8544452715, 51.7887687908 ],
						[ 5.8544533175, 51.7887731476 ],
						[ 5.8544609858, 51.7887778188 ],
						[ 5.8544632225, 51.7887792561 ],
						[ 5.8544754367, 51.7887875296 ],
						[ 5.8544823498, 51.7887924434 ],
						[ 5.8544959292, 51.788802244 ],
						[ 5.8545027262, 51.7888070859 ],
						[ 5.8545096539, 51.788811838 ],
						[ 5.8545167558, 51.7888164733 ],
						[ 5.854518702, 51.7888176861 ],
						[ 5.8545317585, 51.7888253128 ],
						[ 5.8545396447, 51.7888295079 ],
						[ 5.8545477924, 51.7888335413 ],
						[ 5.8545561579, 51.788837431 ],
						[ 5.8545647558, 51.788841168 ],
						[ 5.8545735424, 51.7888447433 ],
						[ 5.8545825324, 51.7888481569 ],
						[ 5.8545916967, 51.7888514268 ],
						[ 5.8546010353, 51.788854526 ],
						[ 5.8546105191, 51.7888574724 ],
						[ 5.8546201481, 51.7888602662 ],
						[ 5.8546298933, 51.7888628893 ],
						[ 5.8546397547, 51.7888653596 ],
						[ 5.8546568924, 51.7888692044 ],
						[ 5.8546597825, 51.7888698063 ],
						[ 5.8546699054, 51.7888717736 ],
						[ 5.8546801008, 51.7888735613 ],
						[ 5.8546903398, 51.7888751603 ],
						[ 5.854700637, 51.7888765347 ],
						[ 5.8547109631, 51.7888776845 ],
						[ 5.8547213328, 51.7888785828 ],
						[ 5.8547317026, 51.7888792296 ],
						[ 5.8547421013, 51.7888795979 ],
						[ 5.8547584547, 51.788879589 ],
						[ 5.8547533861, 51.7888886619 ],
						[ 5.854749944, 51.7888886799 ],
						[ 5.8547468941, 51.7888886619 ],
						[ 5.8547422466, 51.7888885991 ],
						[ 5.8547360451, 51.7888884284 ],
						[ 5.8547329516, 51.7888883026 ],
						[ 5.8547283186, 51.788888078 ],
						[ 5.8547236856, 51.7888877996 ],
						[ 5.8547206067, 51.788887584 ],
						[ 5.8547175422, 51.7888873504 ],
						[ 5.8547129383, 51.7888869641 ],
						[ 5.8547098739, 51.7888866767 ],
						[ 5.8547052845, 51.7888862095 ],
						[ 5.8546991846, 51.7888855178 ],
						[ 5.8546931138, 51.7888847543 ],
						[ 5.8546900929, 51.788884341 ],
						[ 5.8546855616, 51.7888836943 ],
						[ 5.8546795344, 51.788882769 ],
						[ 5.8546735508, 51.7888817809 ],
						[ 5.8546690485, 51.7888809903 ],
						[ 5.8546645462, 51.7888801639 ],
						[ 5.8546585335, 51.7888790051 ],
						[ 5.8546540313, 51.7888780978 ],
						[ 5.8546495581, 51.7888771545 ],
						[ 5.8546450994, 51.7888761843 ],
						[ 5.8546406697, 51.7888751872 ],
						[ 5.8546362836, 51.7888741631 ],
						[ 5.8546319411, 51.7888731121 ],
						[ 5.8546276277, 51.7888720341 ],
						[ 5.8546233142, 51.7888709292 ],
						[ 5.8546176065, 51.7888694021 ],
						[ 5.8546119424, 51.78886783 ],
						[ 5.8546091248, 51.7888670215 ],
						[ 5.854604913, 51.7888657819 ],
						[ 5.8546007303, 51.7888645152 ],
						[ 5.8545951823, 51.7888627725 ],
						[ 5.8545896925, 51.7888609849 ],
						[ 5.8545842462, 51.7888591433 ],
						[ 5.854578858, 51.7888572479 ],
						[ 5.8545735279, 51.7888552985 ],
						[ 5.8545708846, 51.7888543014 ],
						[ 5.8545682414, 51.7888532953 ],
						[ 5.8545630275, 51.7888512381 ],
						[ 5.8545591497, 51.7888496571 ],
						[ 5.8545553155, 51.7888480581 ],
						[ 5.8545515104, 51.7888464232 ],
						[ 5.8545486347, 51.7888451476 ],
						[ 5.8545465143, 51.7888441864 ],
						[ 5.8545446989, 51.7888433599 ],
						[ 5.854542622, 51.7888424077 ],
						[ 5.8545409518, 51.7888416262 ],
						[ 5.85453979, 51.7888410692 ],
						[ 5.8545379165, 51.7888401619 ],
						[ 5.8545360575, 51.7888392636 ],
						[ 5.8545331092, 51.7888377993 ],
						[ 5.854529551, 51.7888359937 ],
						[ 5.8545264139, 51.7888343498 ],
						[ 5.8545260653, 51.7888341612 ],
						[ 5.8545253682, 51.7888337839 ],
						[ 5.8545231461, 51.7888325801 ],
						[ 5.8545208369, 51.7888313045 ],
						[ 5.8545181065, 51.7888297864 ],
						[ 5.8545136914, 51.7888272262 ],
						[ 5.8545099879, 51.7888249894 ],
						[ 5.854507243, 51.7888232915 ],
						[ 5.8545039026, 51.7888211536 ],
						[ 5.8545025664, 51.7888202822 ],
						[ 5.8544989501, 51.7888179017 ],
						[ 5.8544949416, 51.7888151708 ],
						[ 5.8544900327, 51.7888117482 ],
						[ 5.8544842379, 51.7888076159 ],
						[ 5.8544704261, 51.7887976267 ],
						[ 5.8544676521, 51.7887956414 ],
						[ 5.8544628884, 51.7887922997 ],
						[ 5.8544589671, 51.7887895957 ],
						[ 5.8544539275, 51.788786236 ],
						[ 5.854450863, 51.7887842597 ],
						[ 5.8544478131, 51.7887823373 ],
						[ 5.8544447632, 51.7887805048 ],
						[ 5.8544427444, 51.788779328 ],
						[ 5.8544407257, 51.7887781871 ],
						[ 5.8544387069, 51.7887770912 ],
						[ 5.8544376903, 51.7887765612 ],
						[ 5.8544366736, 51.7887760402 ],
						[ 5.8544346403, 51.788775034 ],
						[ 5.8544336237, 51.788774549 ],
						[ 5.8544315904, 51.7887736147 ],
						[ 5.8544305738, 51.7887731745 ],
						[ 5.8544295426, 51.7887727344 ],
						[ 5.854428526, 51.7887723211 ],
						[ 5.8544274948, 51.7887719079 ],
						[ 5.8544254325, 51.7887711443 ],
						[ 5.8544244159, 51.788770785 ],
						[ 5.8544238349, 51.7887705964 ],
						[ 5.8544233992, 51.7887704437 ],
						[ 5.854422368, 51.7887701113 ],
						[ 5.8544203493, 51.7887695094 ],
						[ 5.8544193472, 51.7887692399 ],
						[ 5.8544173139, 51.7887687279 ],
						[ 5.854415237, 51.7887682787 ],
						[ 5.8544131021, 51.7887678745 ],
						[ 5.8544109091, 51.7887675151 ],
						[ 5.8544086434, 51.7887672007 ],
						[ 5.8544074815, 51.788767057 ],
						[ 5.8544039378, 51.7887666887 ],
						[ 5.8544014834, 51.7887664911 ],
						[ 5.8543989563, 51.7887663294 ],
						[ 5.8543982446, 51.7887662934 ],
						[ 5.8543976782, 51.7887662575 ],
						[ 5.8543969956, 51.7887662306 ],
						[ 5.8543963711, 51.7887661946 ],
						[ 5.854395703, 51.7887661677 ],
						[ 5.8543950495, 51.7887661407 ],
						[ 5.8543944685, 51.7887661228 ],
						[ 5.8543937133, 51.7887660958 ],
						[ 5.8543923626, 51.7887660599 ],
						[ 5.854391012, 51.7887660239 ],
						[ 5.8543903294, 51.788766015 ],
						[ 5.8543896468, 51.788765997 ],
						[ 5.8543868728, 51.7887659611 ],
						[ 5.8543840698, 51.7887659431 ],
						[ 5.8543797563, 51.7887659431 ],
						[ 5.8543630689, 51.7887660599 ],
						[ 5.854356635, 51.7887660419 ],
						[ 5.8543533672, 51.788766006 ],
						[ 5.8543484293, 51.7887658892 ],
						[ 5.8543451034, 51.7887657634 ],
						[ 5.8543417485, 51.7887656017 ],
						[ 5.8543383936, 51.7887653861 ],
						[ 5.8543350096, 51.7887651166 ],
						[ 5.8543316402, 51.7887647843 ],
						[ 5.8543299409, 51.7887645956 ],
						[ 5.854326586, 51.7887641734 ],
						[ 5.8543249158, 51.7887639309 ],
						[ 5.8543224904, 51.7887635356 ],
						[ 5.8543199198, 51.7887630954 ],
						[ 5.8543165794, 51.7887624307 ],
						[ 5.854313268, 51.7887616941 ],
						[ 5.8543116269, 51.7887612988 ],
						[ 5.8543084027, 51.7887604634 ],
						[ 5.8543052366, 51.7887595651 ],
						[ 5.8543021286, 51.7887586128 ],
						[ 5.8543006036, 51.7887581188 ],
						[ 5.8542975682, 51.7887570857 ],
						[ 5.8542960868, 51.7887565557 ],
						[ 5.8542946054, 51.7887560077 ],
						[ 5.8542916862, 51.7887548848 ],
						[ 5.8542902484, 51.7887543099 ],
						[ 5.8542874163, 51.7887531331 ],
						[ 5.8542860221, 51.7887525312 ],
						[ 5.8542832917, 51.7887513006 ],
						[ 5.854281941, 51.7887506807 ],
						[ 5.8542792832, 51.7887494141 ],
						[ 5.8542766981, 51.7887481295 ],
						[ 5.85427542, 51.7887474737 ],
						[ 5.8542716875, 51.7887455064 ],
						[ 5.8542692621, 51.7887441679 ],
						[ 5.8542668802, 51.7887428205 ],
						[ 5.8542645419, 51.788741464 ],
						[ 5.8542622327, 51.7887400896 ],
						[ 5.8542599671, 51.7887387152 ],
						[ 5.8542544191, 51.7887352566 ],
						[ 5.8542500476, 51.7887324629 ],
						[ 5.8542446448, 51.7887289684 ],
						[ 5.8542405202, 51.7887263274 ],
						[ 5.8542374557, 51.788724387 ],
						[ 5.8542344058, 51.7887224916 ],
						[ 5.8542323725, 51.7887212609 ],
						[ 5.8542303393, 51.7887200572 ],
						[ 5.8542282915, 51.7887188714 ],
						[ 5.854225227, 51.7887171466 ],
						[ 5.8542231647, 51.7887160327 ],
						[ 5.8542210878, 51.7887149547 ],
						[ 5.8542189965, 51.7887139037 ],
						[ 5.8542158449, 51.7887123945 ],
						[ 5.8542147847, 51.7887119094 ],
						[ 5.8542126497, 51.7887109752 ],
						[ 5.854211575, 51.788710517 ],
						[ 5.854209382, 51.7887096187 ],
						[ 5.8542071308, 51.7887087384 ],
						[ 5.8542048361, 51.788707885 ],
						[ 5.8542036742, 51.7887074718 ],
						[ 5.8542001305, 51.788706268 ],
						[ 5.8541977342, 51.7887054955 ],
						[ 5.8541952942, 51.7887047499 ],
						[ 5.8541928252, 51.7887040402 ],
						[ 5.8541903272, 51.7887033485 ],
						[ 5.8541865366, 51.7887023603 ],
						[ 5.8541826879, 51.7887014351 ],
						[ 5.8541800882, 51.7887008512 ],
						[ 5.8541774595, 51.7887002942 ],
						[ 5.8541748307, 51.7886997642 ],
						[ 5.8541721729, 51.7886992612 ],
						[ 5.8541681499, 51.7886985515 ],
						[ 5.8541654631, 51.7886981113 ],
						[ 5.8541627472, 51.7886976981 ],
						[ 5.8541586661, 51.7886971232 ],
						[ 5.8541559212, 51.7886967638 ],
						[ 5.854151782, 51.7886962698 ],
						[ 5.8541475848, 51.7886958116 ],
						[ 5.8541447672, 51.7886955242 ],
						[ 5.8541405119, 51.7886951199 ],
						[ 5.8541361984, 51.7886947426 ],
						[ 5.85413036, 51.7886942665 ],
						[ 5.8541091848, 51.7886926585 ],
						[ 5.8541030124, 51.7886921555 ],
						[ 5.8540983503, 51.7886917512 ],
						[ 5.8540952423, 51.7886914638 ],
						[ 5.8540905513, 51.7886909967 ],
						[ 5.8540874142, 51.7886906643 ],
						[ 5.8540826796, 51.7886901163 ],
						[ 5.8540795135, 51.788689721 ],
						[ 5.8540747498, 51.7886890743 ],
						[ 5.8540699861, 51.7886883556 ],
						[ 5.8540667909, 51.7886878346 ],
						[ 5.8540636103, 51.7886872776 ],
						[ 5.8540620127, 51.7886869812 ],
						[ 5.8540588321, 51.7886863613 ],
						[ 5.8540556369, 51.7886857056 ],
						[ 5.8540524563, 51.7886849959 ],
						[ 5.8540492902, 51.7886842503 ],
						[ 5.8540461531, 51.7886834688 ],
						[ 5.8540430451, 51.7886826333 ],
						[ 5.8540399226, 51.788681753 ],
						[ 5.8540368581, 51.7886808367 ],
						[ 5.8540323414, 51.7886794263 ],
						[ 5.8540278972, 51.788677998 ],
						[ 5.8540195317, 51.7886752761 ],
						[ 5.8540155087, 51.7886740275 ],
						[ 5.8540116019, 51.7886728686 ],
						[ 5.8540090748, 51.788672168 ],
						[ 5.8540078403, 51.7886718446 ],
						[ 5.8540054294, 51.7886712517 ],
						[ 5.854004253, 51.7886709822 ],
						[ 5.8540030912, 51.7886707307 ],
						[ 5.8540008255, 51.7886702815 ],
						[ 5.8539986325, 51.7886699042 ],
						[ 5.8539975432, 51.7886697515 ],
						[ 5.853996483, 51.7886696078 ],
						[ 5.8539943916, 51.7886693922 ],
						[ 5.8539933605, 51.7886693113 ],
						[ 5.8539923438, 51.7886692574 ],
						[ 5.8539913417, 51.7886692125 ],
						[ 5.8539903541, 51.7886692035 ],
						[ 5.853989381, 51.7886692035 ],
						[ 5.8539874494, 51.7886692754 ],
						[ 5.8539864764, 51.7886693383 ],
						[ 5.8539854742, 51.7886694281 ],
						[ 5.8539833248, 51.7886696617 ],
						[ 5.8539809575, 51.7886699671 ],
						[ 5.8539796794, 51.7886701468 ],
						[ 5.8539736377, 51.7886710271 ],
						[ 5.8539702246, 51.7886714763 ],
						[ 5.8539684673, 51.7886716829 ],
						[ 5.8539666664, 51.7886718715 ],
						[ 5.8539648365, 51.7886720332 ],
						[ 5.853962992, 51.788672168 ],
						[ 5.853961162, 51.7886722668 ],
						[ 5.8539593466, 51.7886723386 ],
						[ 5.8539575457, 51.7886723836 ],
						[ 5.8539557448, 51.7886724015 ],
						[ 5.8539539584, 51.7886723925 ],
						[ 5.8539521865, 51.7886723566 ],
						[ 5.8539504292, 51.7886723027 ],
						[ 5.8539486719, 51.7886722219 ],
						[ 5.8539451863, 51.7886719973 ],
						[ 5.8539417732, 51.7886717008 ],
						[ 5.853940074, 51.7886715212 ],
						[ 5.8539367336, 51.7886711349 ],
						[ 5.8539350779, 51.7886709193 ],
						[ 5.8539334368, 51.7886706947 ],
						[ 5.8539302271, 51.7886702096 ],
						[ 5.853927061, 51.7886696976 ],
						[ 5.853923953, 51.7886691586 ],
						[ 5.8539208886, 51.7886686017 ],
						[ 5.8539162846, 51.7886677213 ],
						[ 5.853909052, 51.7886663199 ],
						[ 5.8539050871, 51.7886655653 ],
						[ 5.8539012093, 51.7886648557 ],
						[ 5.8539003379, 51.788664703 ],
						[ 5.8538999312, 51.7886646311 ],
						[ 5.853899452, 51.7886645502 ],
						[ 5.8538986677, 51.7886644155 ],
						[ 5.8538961552, 51.7886640023 ],
						[ 5.8538949207, 51.7886638136 ],
						[ 5.8538924517, 51.7886634543 ],
						[ 5.8538912462, 51.7886632926 ],
						[ 5.8538888644, 51.7886630051 ],
						[ 5.8538877025, 51.7886628794 ],
						[ 5.8538853933, 51.7886626638 ],
						[ 5.8538842605, 51.788662574 ],
						[ 5.8538819803, 51.7886624302 ],
						[ 5.8538796856, 51.7886623404 ],
						[ 5.8538773618, 51.7886622865 ],
						[ 5.853875009, 51.7886622775 ],
						[ 5.8538738326, 51.7886622865 ],
						[ 5.853873121, 51.7886623045 ],
						[ 5.8538726417, 51.7886623134 ],
						[ 5.8538702599, 51.7886623853 ],
						[ 5.8538690544, 51.7886624392 ],
						[ 5.8538666435, 51.7886625829 ],
						[ 5.8538659755, 51.7886626279 ],
						[ 5.8538654236, 51.7886626638 ],
						[ 5.8538642036, 51.7886627536 ],
						[ 5.8538605147, 51.788663086 ],
						[ 5.8538567676, 51.7886634992 ],
						[ 5.853852977, 51.7886639843 ],
						[ 5.8538504064, 51.7886643526 ],
						[ 5.8538478357, 51.7886647479 ],
						[ 5.8538471386, 51.7886648647 ],
						[ 5.8538465431, 51.7886649545 ],
						[ 5.8538439289, 51.7886653857 ],
						[ 5.8538399931, 51.7886660774 ],
						[ 5.8538360136, 51.788666823 ],
						[ 5.8538319761, 51.7886676135 ],
						[ 5.8538265153, 51.7886687274 ],
						[ 5.8538224342, 51.7886695898 ],
						[ 5.8538217226, 51.7886697425 ],
						[ 5.8538210981, 51.7886698773 ],
						[ 5.8538185129, 51.7886704432 ],
						[ 5.8538148385, 51.7886713056 ],
						[ 5.8538136476, 51.788671593 ],
						[ 5.8538113674, 51.7886721859 ],
						[ 5.8538102636, 51.7886724824 ],
						[ 5.8538081141, 51.7886730932 ],
						[ 5.8538060808, 51.788673722 ],
						[ 5.8538041202, 51.7886743688 ],
						[ 5.8538031907, 51.7886747102 ],
						[ 5.8538013898, 51.7886753929 ],
						[ 5.8537996905, 51.7886761116 ],
						[ 5.8537988917, 51.7886764799 ],
						[ 5.8537973813, 51.7886772345 ],
						[ 5.8537960016, 51.788678007 ],
						[ 5.8537953626, 51.7886784023 ],
						[ 5.8537941426, 51.7886792287 ],
						[ 5.8537935616, 51.7886796599 ],
						[ 5.8537929952, 51.7886801091 ],
						[ 5.8537919205, 51.7886810523 ],
						[ 5.8537913977, 51.7886815554 ],
						[ 5.8537904101, 51.7886825974 ],
						[ 5.8537894806, 51.7886837113 ],
						[ 5.8537890449, 51.7886842862 ],
						[ 5.8537882316, 51.788685481 ],
						[ 5.8537874909, 51.7886867207 ],
						[ 5.8537871568, 51.7886873495 ],
						[ 5.8537865323, 51.7886886341 ],
						[ 5.853786024, 51.7886899456 ],
						[ 5.8537857916, 51.7886906104 ],
						[ 5.8537853995, 51.7886919399 ],
						[ 5.853785109, 51.7886932784 ],
						[ 5.8537849928, 51.7886939611 ],
						[ 5.8537848331, 51.7886953175 ],
						[ 5.8537847605, 51.788696692 ],
						[ 5.8537847459, 51.7886973837 ],
						[ 5.8537847605, 51.7886980754 ],
						[ 5.853784804, 51.7886987761 ],
						[ 5.8537849347, 51.7887001684 ],
						[ 5.8537850364, 51.7887008781 ],
						[ 5.8537852833, 51.7887022885 ],
						[ 5.8537856173, 51.7887037078 ],
						[ 5.853785719, 51.7887040761 ],
						[ 5.8537858061, 51.7887044175 ],
						[ 5.853786024, 51.7887051361 ],
						[ 5.8537865033, 51.7887065645 ],
						[ 5.8537870552, 51.7887079838 ],
						[ 5.8537876797, 51.7887094031 ],
						[ 5.8537887399, 51.7887115142 ],
						[ 5.8537895387, 51.7887129066 ],
						[ 5.853790381, 51.788714281 ],
						[ 5.8537913105, 51.7887156464 ],
						[ 5.8537922836, 51.7887169849 ],
						[ 5.8537933293, 51.7887183144 ],
						[ 5.8537944331, 51.788719617 ],
						[ 5.853795014, 51.7887202638 ],
						[ 5.8537962049, 51.7887215304 ],
						[ 5.8537968294, 51.7887221682 ],
						[ 5.8537981365, 51.7887234079 ],
						[ 5.8537984415, 51.7887236863 ],
						[ 5.8537988046, 51.7887240277 ],
						[ 5.8537994872, 51.7887246386 ],
						[ 5.8538016367, 51.7887264262 ],
						[ 5.8538031471, 51.788727594 ],
						[ 5.8538047156, 51.7887287259 ],
						[ 5.8538055144, 51.7887292739 ],
						[ 5.8538063132, 51.7887298039 ],
						[ 5.8538078963, 51.78873081 ],
						[ 5.8538086805, 51.7887312771 ],
						[ 5.8538102345, 51.7887321395 ],
						[ 5.8538110188, 51.7887325437 ],
						[ 5.8538114255, 51.7887327324 ],
						[ 5.8538117886, 51.788732921 ],
						[ 5.8538121516, 51.7887330827 ],
						[ 5.8538125583, 51.7887332804 ],
						[ 5.8538133135, 51.7887336127 ],
						[ 5.8538148385, 51.7887342146 ],
						[ 5.8538163489, 51.7887347266 ],
						[ 5.8538178739, 51.7887351309 ],
						[ 5.8538124421, 51.7887434852 ],
						[ 5.8538034085, 51.7887402692 ],
						[ 5.8537955804, 51.7887358495 ],
						[ 5.8537936052, 51.7887344931 ],
						[ 5.8537829886, 51.7887253303 ],
						[ 5.8537782249, 51.7887195271 ],
						[ 5.8537745069, 51.7887134366 ],
						[ 5.8537730546, 51.7887103104 ],
						[ 5.8537704549, 51.7887006805 ],
						[ 5.8537715296, 51.7886890024 ],
						[ 5.8537719944, 51.7886876729 ],
						[ 5.8537752767, 51.7886813757 ],
						[ 5.853780476, 51.7886761475 ],
						[ 5.8537804906, 51.7886761475 ],
						[ 5.8537834969, 51.7886731202 ],
						[ 5.8537870842, 51.7886708834 ],
						[ 5.8537953771, 51.7886671284 ],
						[ 5.8538047737, 51.788664164 ],
						[ 5.8538210545, 51.788660391 ],
						[ 5.85382104, 51.7886604539 ],
						[ 5.8538212869, 51.7886603372 ]
					]
				]
			},
			"properties" : {
				"object_name" : "Gras",
				"object_height" : 1,
				"tree_crown_diameter" : null
			}
		},
		{
			"type" : "Feature",
			"geometry" : {
				"type" : "Polygon",
				"coordinates" : [
					[
						[ 5.8544599402, 51.7886952187 ],
						[ 5.8545192103, 51.7887006356 ],
						[ 5.8545249325, 51.7887143888 ],
						[ 5.8545385845, 51.7887354633 ],
						[ 5.8545511618, 51.7887454346 ],
						[ 5.8545612411, 51.7887510131 ],
						[ 5.8545657433, 51.7887565737 ],
						[ 5.8545658305, 51.788764371 ],
						[ 5.8545604568, 51.7887730488 ],
						[ 5.8545493028, 51.7887865594 ],
						[ 5.8545436096, 51.7887997647 ],
						[ 5.854552803, 51.788810778 ],
						[ 5.8545644362, 51.7888156379 ],
						[ 5.8545798746, 51.788815575 ],
						[ 5.8545885161, 51.7888137514 ],
						[ 5.8546124216, 51.7888030345 ],
						[ 5.8546281069, 51.7887919583 ],
						[ 5.8546440972, 51.7887791124 ],
						[ 5.8546746691, 51.7887713959 ],
						[ 5.8546883647, 51.7887706862 ],
						[ 5.8547128221, 51.7887722942 ],
						[ 5.8547510768, 51.78877772 ],
						[ 5.8547739512, 51.788775609 ],
						[ 5.8547887361, 51.7887715576 ],
						[ 5.8547992946, 51.7887609215 ],
						[ 5.8548026931, 51.7887550286 ],
						[ 5.8548026495, 51.7887504112 ],
						[ 5.8547986556, 51.7887469258 ],
						[ 5.8547871385, 51.7887424432 ],
						[ 5.8547805449, 51.7887381492 ],
						[ 5.8547723827, 51.7887234079 ],
						[ 5.8548421387, 51.7887296871 ],
						[ 5.8547584547, 51.788879589 ],
						[ 5.8547421013, 51.7888795979 ],
						[ 5.8547317026, 51.7888792296 ],
						[ 5.8547213328, 51.7888785828 ],
						[ 5.8547109631, 51.7888776845 ],
						[ 5.854700637, 51.7888765347 ],
						[ 5.8546903398, 51.7888751603 ],
						[ 5.8546801008, 51.7888735613 ],
						[ 5.8546699054, 51.7888717736 ],
						[ 5.8546597825, 51.7888698063 ],
						[ 5.8546568924, 51.7888692044 ],
						[ 5.8546397547, 51.7888653596 ],
						[ 5.8546298933, 51.7888628893 ],
						[ 5.8546201481, 51.7888602662 ],
						[ 5.8546105191, 51.7888574724 ],
						[ 5.8546010353, 51.788854526 ],
						[ 5.8545916967, 51.7888514268 ],
						[ 5.8545825324, 51.7888481569 ],
						[ 5.8545735424, 51.7888447433 ],
						[ 5.8545647558, 51.788841168 ],
						[ 5.8545561579, 51.788837431 ],
						[ 5.8545477924, 51.7888335413 ],
						[ 5.8545396447, 51.7888295079 ],
						[ 5.8545317585, 51.7888253128 ],
						[ 5.854518702, 51.7888176861 ],
						[ 5.8545167558, 51.7888164733 ],
						[ 5.8545096539, 51.788811838 ],
						[ 5.8545027262, 51.7888070859 ],
						[ 5.8544959292, 51.788802244 ],
						[ 5.8544823498, 51.7887924434 ],
						[ 5.8544754367, 51.7887875296 ],
						[ 5.8544632225, 51.7887792561 ],
						[ 5.8544609858, 51.7887778188 ],
						[ 5.8544533175, 51.7887731476 ],
						[ 5.8544452715, 51.7887687908 ],
						[ 5.8544368189, 51.788764946 ],
						[ 5.8544279305, 51.7887617929 ],
						[ 5.8544237913, 51.788760652 ],
						[ 5.854408687, 51.7887580559 ],
						[ 5.8543984625, 51.7887572833 ],
						[ 5.8543879766, 51.7887569869 ],
						[ 5.8543773164, 51.7887569689 ],
						[ 5.8543665545, 51.7887570498 ],
						[ 5.8543558217, 51.7887570408 ],
						[ 5.854345176, 51.7887567533 ],
						[ 5.8543261358, 51.7887548489 ],
						[ 5.8543245818, 51.7887545794 ],
						[ 5.8543148075, 51.7887523875 ],
						[ 5.8543054109, 51.7887495129 ],
						[ 5.8542964354, 51.7887460634 ],
						[ 5.8542834805, 51.7887399369 ],
						[ 5.8542797625, 51.7887379336 ],
						[ 5.8542720506, 51.788733469 ],
						[ 5.8542646, 51.7887288517 ],
						[ 5.854250033, 51.7887195092 ],
						[ 5.854247811, 51.7887181258 ],
						[ 5.8542803289, 51.7887215843 ],
						[ 5.8543034793, 51.7887251686 ],
						[ 5.854324698, 51.7887298488 ],
						[ 5.8543503609, 51.7887400447 ],
						[ 5.8543736419, 51.788745201 ],
						[ 5.8543977508, 51.7887436739 ],
						[ 5.8544288745, 51.7887372779 ],
						[ 5.8544434996, 51.7887213777 ],
						[ 5.854453303, 51.7886945809 ],
						[ 5.8544599402, 51.7886952187 ]
					],
					[
						[ 5.8546696004, 51.7887762917 ],
						[ 5.854655106, 51.7887763456 ],
						[ 5.8546552077, 51.7887853377 ],
						[ 5.8546697021, 51.7887852748 ],
						[ 5.8546696004, 51.7887762917 ]
					]
				]
			},
			"properties" : {
				"object_name" : "Bloemrijk Gras",
				"object_height" : 1,
				"tree_crown_diameter" : null
			}
		},
		{
			"type" : "Feature",
			"geometry" : {
				"type" : "Polygon",
				"coordinates" : [
					[
						[ 5.8548387257, 51.7892548063 ],
						[ 5.8549113719, 51.7892308841 ],
						[ 5.8549244866, 51.7892374239 ],
						[ 5.8549133326, 51.7892419334 ],
						[ 5.8549054173, 51.7892435594 ],
						[ 5.8548981265, 51.7892439995 ],
						[ 5.8548855347, 51.7892453201 ],
						[ 5.8548768207, 51.7892490481 ],
						[ 5.8548703723, 51.789252821 ],
						[ 5.8548662041, 51.7892571419 ],
						[ 5.8548387257, 51.7892548063 ]
					]
				]
			},
			"properties" : {
				"object_name" : "Bloemrijk Gras",
				"object_height" : 1,
				"tree_crown_diameter" : null
			}
		},
		{
			"type" : "Feature",
			"geometry" : {
				"type" : "Polygon",
				"coordinates" : [
					[
						[ 5.8558212067, 51.7892097468 ],
						[ 5.8558316345, 51.7892074022 ],
						[ 5.8558358463, 51.789211238 ],
						[ 5.8558237918, 51.7892139419 ],
						[ 5.85582202, 51.7892143821 ],
						[ 5.8558147147, 51.7892164213 ],
						[ 5.855807758, 51.789218703 ],
						[ 5.8558010336, 51.7892212452 ],
						[ 5.8557945126, 51.789224039 ],
						[ 5.855791332, 51.7892255571 ],
						[ 5.8557870185, 51.7892220537 ],
						[ 5.8557869314, 51.7892219908 ],
						[ 5.8557902427, 51.7892204008 ],
						[ 5.8557970833, 51.7892174723 ],
						[ 5.8558041707, 51.7892147953 ],
						[ 5.8558115341, 51.7892123788 ],
						[ 5.8558191879, 51.7892102498 ],
						[ 5.8558212067, 51.7892097468 ]
					]
				]
			},
			"properties" : {
				"object_name" : "Gras",
				"object_height" : 1,
				"tree_crown_diameter" : null
			}
		},
		{
			"type" : "Feature",
			"geometry" : {
				"type" : "Polygon",
				"coordinates" : [
					[
						[ 5.8537269717, 51.788875816 ],
						[ 5.8538710296, 51.7889156743 ],
						[ 5.8538695047, 51.788920067 ],
						[ 5.8536990141, 51.7888729145 ],
						[ 5.8537269717, 51.788875816 ]
					]
				]
			},
			"properties" : {
				"object_name" : "Haag",
				"object_height" : 1,
				"tree_crown_diameter" : null
			}
		},
		{
			"type" : "Feature",
			"geometry" : {
				"type" : "Polygon",
				"coordinates" : [
					[
						[ 5.855803735, 51.7892620018 ],
						[ 5.8558054488, 51.7892563154 ],
						[ 5.8558063928, 51.7892534588 ],
						[ 5.8558074385, 51.7892483294 ],
						[ 5.8558071189, 51.789243748 ],
						[ 5.855804345, 51.7892384929 ],
						[ 5.8557994796, 51.7892329952 ],
						[ 5.855791332, 51.7892255571 ],
						[ 5.8557945126, 51.789224039 ],
						[ 5.8558010336, 51.7892212452 ],
						[ 5.855807758, 51.789218703 ],
						[ 5.8558147147, 51.7892164213 ],
						[ 5.85582202, 51.7892143821 ],
						[ 5.8558237918, 51.7892139419 ],
						[ 5.8558358463, 51.789211238 ],
						[ 5.8558358899, 51.7892111751 ],
						[ 5.8558368629, 51.789211238 ],
						[ 5.8558384896, 51.7892113188 ],
						[ 5.8558391722, 51.7892113368 ],
						[ 5.8558400145, 51.7892113368 ],
						[ 5.8558406971, 51.7892113188 ],
						[ 5.8558413942, 51.7892112559 ],
						[ 5.8558417138, 51.789211202 ],
						[ 5.8558421059, 51.7892110943 ],
						[ 5.8558425997, 51.7892108607 ],
						[ 5.8558435873, 51.7892102858 ],
						[ 5.8558465355, 51.7892085071 ],
						[ 5.8558484817, 51.7892072764 ],
						[ 5.8558504133, 51.7892060098 ],
						[ 5.8558523159, 51.7892047072 ],
						[ 5.8558541894, 51.7892033687 ],
						[ 5.8558560339, 51.7892020033 ],
						[ 5.855858285, 51.7892002516 ],
						[ 5.8558600278, 51.7891988143 ],
						[ 5.855861727, 51.78919735 ],
						[ 5.8558625549, 51.7891966044 ],
						[ 5.8558645736, 51.789194718 ],
						[ 5.8558664762, 51.7891927956 ],
						[ 5.8558672169, 51.789192014 ],
						[ 5.8558689742, 51.7891900288 ],
						[ 5.8558699618, 51.789188834 ],
						[ 5.8558709785, 51.7891875314 ],
						[ 5.8558716465, 51.7891866331 ],
						[ 5.8558729101, 51.7891848185 ],
						[ 5.855874072, 51.789182977 ],
						[ 5.8558746238, 51.7891820517 ],
						[ 5.8558759164, 51.7891797071 ],
						[ 5.8558766281, 51.7891782878 ],
						[ 5.8558772962, 51.7891768505 ],
						[ 5.855878124, 51.7891749191 ],
						[ 5.8558787049, 51.7891734638 ],
						[ 5.8558792423, 51.7891719996 ],
						[ 5.8558797506, 51.7891705173 ],
						[ 5.8558803751, 51.7891685321 ],
						[ 5.8558809561, 51.7891665378 ],
						[ 5.8558817258, 51.7891635105 ],
						[ 5.8558824084, 51.7891604472 ],
						[ 5.8558831491, 51.7891566114 ],
						[ 5.8558834105, 51.7891551023 ],
						[ 5.8558838753, 51.789152066 ],
						[ 5.8558840786, 51.7891505478 ],
						[ 5.8558844126, 51.7891475025 ],
						[ 5.8558845869, 51.7891452118 ],
						[ 5.8558847031, 51.7891429301 ],
						[ 5.8558847322, 51.7891414119 ],
						[ 5.8558847176, 51.7891391392 ],
						[ 5.8558846595, 51.78913763 ],
						[ 5.8558845724, 51.7891361298 ],
						[ 5.8558844998, 51.7891354112 ],
						[ 5.8558862426, 51.7891354022 ],
						[ 5.8558861555, 51.7891264191 ],
						[ 5.8558828296, 51.789126428 ],
						[ 5.8558821615, 51.7891243978 ],
						[ 5.8558816387, 51.7891229785 ],
						[ 5.8558810432, 51.7891215771 ],
						[ 5.8558805639, 51.7891205351 ],
						[ 5.855879678, 51.7891188193 ],
						[ 5.8558793004, 51.7891181366 ],
						[ 5.8558784871, 51.7891167891 ],
						[ 5.8558778335, 51.789115792 ],
						[ 5.8558771509, 51.7891148038 ],
						[ 5.8558761633, 51.7891135013 ],
						[ 5.8558753791, 51.7891125401 ],
						[ 5.8558745658, 51.7891115879 ],
						[ 5.8558735346, 51.7891104829 ],
						[ 5.8558730698, 51.7891100158 ],
						[ 5.8558723001, 51.7891093061 ],
						[ 5.8558717337, 51.78910883 ],
						[ 5.8558711092, 51.7891083539 ],
						[ 5.8558704121, 51.7891078778 ],
						[ 5.8558696423, 51.7891073838 ],
						[ 5.8558683062, 51.7891066471 ],
						[ 5.8558672895, 51.7891061351 ],
						[ 5.8558655612, 51.7891053536 ],
						[ 5.8558635279, 51.7891045451 ],
						[ 5.8558611606, 51.7891037096 ],
						[ 5.8558584447, 51.7891028293 ],
						[ 5.8558551189, 51.7891012752 ],
						[ 5.8558491352, 51.789098212 ],
						[ 5.855847465, 51.7890971609 ],
						[ 5.8558411038, 51.7890911961 ],
						[ 5.8558369936, 51.789084324 ],
						[ 5.8558361803, 51.7890823567 ],
						[ 5.8558346263, 51.7890775327 ],
						[ 5.855833479, 51.789072601 ],
						[ 5.8558324623, 51.7890675255 ],
						[ 5.8558313586, 51.7890623512 ],
						[ 5.8558311552, 51.7890615517 ],
						[ 5.8558307486, 51.7890602581 ],
						[ 5.8558315474, 51.7890587759 ],
						[ 5.8558320992, 51.7890574913 ],
						[ 5.8558324623, 51.7890563774 ],
						[ 5.8558325495, 51.7890559283 ],
						[ 5.8558423528, 51.7890489933 ],
						[ 5.8558448363, 51.7890444118 ],
						[ 5.8558452284, 51.7890382764 ],
						[ 5.8558419026, 51.7890315839 ],
						[ 5.855835672, 51.7890240381 ],
						[ 5.8558310536, 51.7890164383 ],
						[ 5.8558299353, 51.789009683 ],
						[ 5.8558287298, 51.7890014814 ],
						[ 5.8558271758, 51.788995822 ],
						[ 5.8558249537, 51.7889924443 ],
						[ 5.8558219619, 51.7889903692 ],
						[ 5.8558185634, 51.788989399 ],
						[ 5.8558002929, 51.7889877012 ],
						[ 5.8557898361, 51.7889863537 ],
						[ 5.8557805556, 51.7889846469 ],
						[ 5.8557562724, 51.7889786192 ],
						[ 5.8557431723, 51.7889752056 ],
						[ 5.8557223457, 51.7889704536 ],
						[ 5.855716057, 51.7889692857 ],
						[ 5.8557065587, 51.7889677856 ],
						[ 5.8556969878, 51.7889667345 ],
						[ 5.85568595, 51.7889660428 ],
						[ 5.8556744619, 51.7889660788 ],
						[ 5.8556647603, 51.7889667076 ],
						[ 5.8556519071, 51.7889682437 ],
						[ 5.8556423652, 51.7889698876 ],
						[ 5.855632983, 51.7889719807 ],
						[ 5.855628016, 51.7889732743 ],
						[ 5.8556201734, 51.788975529 ],
						[ 5.8556157582, 51.7889750709 ],
						[ 5.8556054757, 51.7889740558 ],
						[ 5.855595164, 51.7889731305 ],
						[ 5.8555900082, 51.7889727173 ],
						[ 5.8555848379, 51.788972349 ],
						[ 5.8555791882, 51.7889719897 ],
						[ 5.8555735241, 51.7889716842 ],
						[ 5.8555678454, 51.7889714327 ],
						[ 5.8555621523, 51.7889712261 ],
						[ 5.8555564591, 51.7889710644 ],
						[ 5.8555507514, 51.7889709476 ],
						[ 5.8555450437, 51.7889708668 ],
						[ 5.855539336, 51.7889708398 ],
						[ 5.8555336137, 51.7889708398 ],
						[ 5.8555278915, 51.7889708847 ],
						[ 5.8555221693, 51.7889709656 ],
						[ 5.8555164325, 51.7889710734 ],
						[ 5.8555049735, 51.7889713878 ],
						[ 5.8554935291, 51.78897181 ],
						[ 5.8554839, 51.7889722592 ],
						[ 5.8554799351, 51.7889650637 ],
						[ 5.8554707999, 51.7889564039 ],
						[ 5.8554638867, 51.788951014 ],
						[ 5.8554589197, 51.7889469716 ],
						[ 5.8554445415, 51.7889322392 ],
						[ 5.8554480998, 51.7889308648 ],
						[ 5.8554563055, 51.7889276398 ],
						[ 5.8554645548, 51.788924361 ],
						[ 5.8554728332, 51.7889210282 ],
						[ 5.855481097, 51.7889176685 ],
						[ 5.8554893173, 51.7889142999 ],
						[ 5.8555057142, 51.7889074996 ],
						[ 5.855547411, 51.7888900454 ],
						[ 5.8555636482, 51.788883299 ],
						[ 5.8555716942, 51.7888799752 ],
						[ 5.8555797256, 51.7888766874 ],
						[ 5.8555877571, 51.7888734265 ],
						[ 5.855595774, 51.7888702105 ],
						[ 5.8556037764, 51.7888670485 ],
						[ 5.8556117643, 51.7888639313 ],
						[ 5.8556197231, 51.7888608771 ],
						[ 5.855627682, 51.7888578857 ],
						[ 5.8556356553, 51.7888549392 ],
						[ 5.8556436868, 51.7888520466 ],
						[ 5.8556517618, 51.788849199 ],
						[ 5.8556598804, 51.7888464142 ],
						[ 5.8556680281, 51.7888437013 ],
						[ 5.8556762048, 51.7888410512 ],
						[ 5.855684396, 51.7888384821 ],
						[ 5.8556926162, 51.7888359937 ],
						[ 5.8557008655, 51.7888335862 ],
						[ 5.8557091294, 51.7888312686 ],
						[ 5.8557174222, 51.7888290408 ],
						[ 5.8557257296, 51.7888269118 ],
						[ 5.8557340661, 51.7888248726 ],
						[ 5.8557424752, 51.7888229143 ],
						[ 5.8557509859, 51.7888210458 ],
						[ 5.8557595692, 51.7888192491 ],
						[ 5.8557682397, 51.7888175423 ],
						[ 5.8557769683, 51.7888159164 ],
						[ 5.8557786385, 51.7888156199 ],
						[ 5.8559837674, 51.7888346462 ],
						[ 5.855982896, 51.7888383743 ],
						[ 5.8559708706, 51.7888384282 ],
						[ 5.8559709142, 51.7888426772 ],
						[ 5.8559692876, 51.7888424616 ],
						[ 5.8559517723, 51.7888418777 ],
						[ 5.8559413445, 51.7888455608 ],
						[ 5.8559344894, 51.7888491181 ],
						[ 5.8559260368, 51.7888536456 ],
						[ 5.8559172501, 51.7888575802 ],
						[ 5.8559084199, 51.7888607064 ],
						[ 5.8558986601, 51.7888625749 ],
						[ 5.8558887697, 51.7888633384 ],
						[ 5.8558805058, 51.7888628803 ],
						[ 5.855866636, 51.7888596913 ],
						[ 5.8558565277, 51.7888553434 ],
						[ 5.8558494838, 51.7888514897 ],
						[ 5.8558423964, 51.7888482378 ],
						[ 5.8558348442, 51.7888464681 ],
						[ 5.855826653, 51.7888468274 ],
						[ 5.8558182729, 51.7888489654 ],
						[ 5.8558088182, 51.7888528641 ],
						[ 5.8557996975, 51.7888592511 ],
						[ 5.8557957035, 51.7888633744 ],
						[ 5.8557930457, 51.7888691056 ],
						[ 5.8557928715, 51.7888745135 ],
						[ 5.8557942948, 51.7888800112 ],
						[ 5.8557988842, 51.7888868294 ],
						[ 5.8558036478, 51.7888905394 ],
						[ 5.8558107062, 51.7888942046 ],
						[ 5.8558196962, 51.7888960012 ],
						[ 5.8558255056, 51.7888963515 ],
						[ 5.8558333918, 51.7888960461 ],
						[ 5.8558396224, 51.7888952825 ],
						[ 5.8558471165, 51.7888938901 ],
						[ 5.8558556272, 51.7888920486 ],
						[ 5.8558628889, 51.7888906472 ],
						[ 5.8558696859, 51.7888898028 ],
						[ 5.8558775866, 51.7888897759 ],
						[ 5.8558865912, 51.7888916893 ],
						[ 5.8558968592, 51.7888959293 ],
						[ 5.8559019569, 51.7888985973 ],
						[ 5.855916553, 51.7889083889 ],
						[ 5.8559270534, 51.7889137249 ],
						[ 5.855942884, 51.7889174889 ],
						[ 5.8559633765, 51.7889199862 ],
						[ 5.8559507557, 51.7889735168 ],
						[ 5.8558806365, 51.7892681193 ],
						[ 5.8558805204, 51.7892686942 ],
						[ 5.855803735, 51.7892620018 ]
					],
					[
						[ 5.8559185282, 51.7889293556 ],
						[ 5.8559040338, 51.7889294095 ],
						[ 5.8559041209, 51.7889384017 ],
						[ 5.8559186153, 51.7889383388 ],
						[ 5.8559185282, 51.7889293556 ]
					],
					[
						[ 5.8559056023, 51.7889991278 ],
						[ 5.8558911079, 51.7889991817 ],
						[ 5.8558912096, 51.7890081738 ],
						[ 5.855905704, 51.7890081109 ],
						[ 5.8559056023, 51.7889991278 ]
					],
					[
						[ 5.8558995896, 51.7890672111 ],
						[ 5.8558850952, 51.789067274 ],
						[ 5.8558851969, 51.7890762571 ],
						[ 5.8558996768, 51.7890762032 ],
						[ 5.8558995896, 51.7890672111 ]
					],
					[
						[ 5.8558877095, 51.7888300918 ],
						[ 5.8558732151, 51.7888301547 ],
						[ 5.8558733167, 51.7888391378 ],
						[ 5.8558878111, 51.7888390839 ],
						[ 5.8558877095, 51.7888300918 ]
					],
					[
						[ 5.8558610009, 51.7892427149 ],
						[ 5.8558465065, 51.7892427688 ],
						[ 5.8558466082, 51.789251761 ],
						[ 5.8558611025, 51.7892516981 ],
						[ 5.8558610009, 51.7892427149 ]
					],
					[
						[ 5.8558520109, 51.7889466841 ],
						[ 5.8558375165, 51.788946747 ],
						[ 5.8558376036, 51.7889557302 ],
						[ 5.855852098, 51.7889556763 ],
						[ 5.8558520109, 51.7889466841 ]
					],
					[
						[ 5.8557891389, 51.7888373232 ],
						[ 5.8557746446, 51.7888373861 ],
						[ 5.8557747462, 51.7888463693 ],
						[ 5.8557892406, 51.7888463154 ],
						[ 5.8557891389, 51.7888373232 ]
					],
					[
						[ 5.8557185986, 51.788927029 ],
						[ 5.8557041043, 51.7889270829 ],
						[ 5.8557041914, 51.788936075 ],
						[ 5.8557186858, 51.7889360121 ],
						[ 5.8557185986, 51.788927029 ]
					],
					[
						[ 5.8556981497, 51.7888622245 ],
						[ 5.8556836553, 51.7888622784 ],
						[ 5.8556837424, 51.7888712706 ],
						[ 5.8556982368, 51.7888712077 ],
						[ 5.8556981497, 51.7888622245 ]
					],
					[
						[ 5.8556132312, 51.7888927223 ],
						[ 5.8555987368, 51.7888927852 ],
						[ 5.8555988239, 51.7889017684 ],
						[ 5.8556133183, 51.7889017145 ],
						[ 5.8556132312, 51.7888927223 ]
					],
					[
						[ 5.8555341511, 51.78892755 ],
						[ 5.8555196567, 51.7889276039 ],
						[ 5.8555197584, 51.788936596 ],
						[ 5.8555342528, 51.7889365422 ],
						[ 5.8555341511, 51.78892755 ]
					]
				]
			},
			"properties" : {
				"object_name" : "Bloemrijk Gras",
				"object_height" : 1,
				"tree_crown_diameter" : null
			}
		},
		{
			"type" : "Feature",
			"geometry" : {
				"type" : "Polygon",
				"coordinates" : [
					[
						[ 5.8555019381, 51.7889804967 ],
						[ 5.8555048719, 51.7889927767 ],
						[ 5.8554960271, 51.7889930462 ],
						[ 5.8554872404, 51.7889937918 ],
						[ 5.8554786135, 51.7889949955 ],
						[ 5.8554701609, 51.7889966574 ],
						[ 5.8554619842, 51.7889987685 ],
						[ 5.855454127, 51.7890013017 ],
						[ 5.855446662, 51.7890042482 ],
						[ 5.8554396181, 51.7890075809 ],
						[ 5.855433068, 51.789011282 ],
						[ 5.8554270553, 51.7890153064 ],
						[ 5.8554216236, 51.7890196453 ],
						[ 5.8554168163, 51.7890242626 ],
						[ 5.8553784745, 51.7890765176 ],
						[ 5.8553765138, 51.7890818536 ],
						[ 5.8553753083, 51.7890872615 ],
						[ 5.8553748436, 51.7890927232 ],
						[ 5.8553751341, 51.789098185 ],
						[ 5.8553761798, 51.7891036108 ],
						[ 5.8553779807, 51.7891089648 ],
						[ 5.8553804932, 51.789114202 ],
						[ 5.8553837319, 51.7891192864 ],
						[ 5.8553876678, 51.7891241822 ],
						[ 5.8553922572, 51.7891288535 ],
						[ 5.8553974711, 51.7891332552 ],
						[ 5.8554032659, 51.7891373695 ],
						[ 5.8554096272, 51.7891411604 ],
						[ 5.8554164677, 51.789144601 ],
						[ 5.855423773, 51.7891476642 ],
						[ 5.8554073761, 51.7891545004 ],
						[ 5.855405154, 51.7891533685 ],
						[ 5.8554028883, 51.7891522726 ],
						[ 5.8553994463, 51.7891506736 ],
						[ 5.8553982844, 51.7891501525 ],
						[ 5.8553947552, 51.7891486344 ],
						[ 5.8553912115, 51.7891471881 ],
						[ 5.8553888587, 51.7891462718 ],
						[ 5.8553864914, 51.7891453825 ],
						[ 5.8553829041, 51.7891440799 ],
						[ 5.8553793023, 51.7891428223 ],
						[ 5.8553769059, 51.7891420138 ],
						[ 5.8553709513, 51.7891400555 ],
						[ 5.8553583159, 51.7891360041 ],
						[ 5.8553539734, 51.7891345758 ],
						[ 5.855351853, 51.7891338571 ],
						[ 5.8553497471, 51.7891331295 ],
						[ 5.8553466536, 51.7891320245 ],
						[ 5.855345637, 51.7891316472 ],
						[ 5.8553416721, 51.7891301381 ],
						[ 5.855338811, 51.7891289613 ],
						[ 5.855336952, 51.7891281618 ],
						[ 5.8553351511, 51.7891273533 ],
						[ 5.8553333792, 51.7891265179 ],
						[ 5.8553316654, 51.7891256735 ],
						[ 5.8553291093, 51.789124335 ],
						[ 5.8553274246, 51.7891234007 ],
						[ 5.8553257835, 51.7891224485 ],
						[ 5.8553233726, 51.7891209663 ],
						[ 5.8553210488, 51.7891194302 ],
						[ 5.8553195239, 51.7891183701 ],
						[ 5.8553180425, 51.7891173012 ],
						[ 5.855315893, 51.7891156483 ],
						[ 5.8553138307, 51.7891139504 ],
						[ 5.8553118555, 51.7891122077 ],
						[ 5.8553105774, 51.7891110219 ],
						[ 5.8553093575, 51.7891098182 ],
						[ 5.8553081665, 51.7891085965 ],
						[ 5.8553064818, 51.7891067459 ],
						[ 5.8553059299, 51.7891061171 ],
						[ 5.8553048842, 51.7891048595 ],
						[ 5.8553034028, 51.7891029461 ],
						[ 5.8553024733, 51.7891016705 ],
						[ 5.8553020376, 51.7891010327 ],
						[ 5.8553011808, 51.7890997391 ],
						[ 5.8553003529, 51.7890984096 ],
						[ 5.8552991765, 51.7890963794 ],
						[ 5.8552984213, 51.789094987 ],
						[ 5.8552966059, 51.7890914027 ],
						[ 5.8552938029, 51.7890854199 ],
						[ 5.8552919293, 51.7890814674 ],
						[ 5.8552911451, 51.7890798684 ],
						[ 5.8552894604, 51.7890766434 ],
						[ 5.8552880806, 51.789074191 ],
						[ 5.855287093, 51.7890725561 ],
						[ 5.8552860473, 51.7890709481 ],
						[ 5.8552855245, 51.7890701665 ],
						[ 5.8552844207, 51.7890686035 ],
						[ 5.8552826343, 51.7890662499 ],
						[ 5.8552807318, 51.7890639412 ],
						[ 5.8552794101, 51.7890624231 ],
						[ 5.8552773769, 51.7890601952 ],
						[ 5.8552745738, 51.7890573027 ],
						[ 5.8552724244, 51.7890551916 ],
						[ 5.8552709866, 51.7890537992 ],
						[ 5.8552680673, 51.7890510684 ],
						[ 5.8552607766, 51.7890443849 ],
						[ 5.8552573055, 51.7890411599 ],
						[ 5.8552546186, 51.7890385908 ],
						[ 5.8552520335, 51.7890360126 ],
						[ 5.8552501745, 51.7890340722 ],
						[ 5.8552478653, 51.789031521 ],
						[ 5.855246166, 51.7890295447 ],
						[ 5.8552435373, 51.7890264276 ],
						[ 5.855242114, 51.7890247747 ],
						[ 5.8552413733, 51.7890239482 ],
						[ 5.8552398338, 51.7890222863 ],
						[ 5.8552381781, 51.7890205885 ],
						[ 5.8552372922, 51.7890197441 ],
						[ 5.8552363627, 51.7890188997 ],
						[ 5.855234373, 51.7890172019 ],
						[ 5.8552332983, 51.7890163575 ],
						[ 5.8552321654, 51.789015522 ],
						[ 5.8552309745, 51.7890146956 ],
						[ 5.8552307131, 51.7890145339 ],
						[ 5.8552417654, 51.7890095572 ],
						[ 5.8552493612, 51.7890061616 ],
						[ 5.8552567972, 51.7890028738 ],
						[ 5.8552642186, 51.7889996218 ],
						[ 5.8552717563, 51.7889963789 ],
						[ 5.8552793666, 51.788993163 ],
						[ 5.8552825617, 51.7889918335 ],
						[ 5.8552838688, 51.7889931899 ],
						[ 5.855284871, 51.7889941601 ],
						[ 5.8552859166, 51.7889951123 ],
						[ 5.8552870059, 51.7889960555 ],
						[ 5.8552881242, 51.7889969898 ],
						[ 5.8552892715, 51.7889978971 ],
						[ 5.855290477, 51.7889987954 ],
						[ 5.855291697, 51.7889996668 ],
						[ 5.855292946, 51.7890005291 ],
						[ 5.855294224, 51.7890013736 ],
						[ 5.8552968818, 51.7890030085 ],
						[ 5.8552982616, 51.789003799 ],
						[ 5.8552996703, 51.7890045716 ],
						[ 5.8553011081, 51.7890053262 ],
						[ 5.8553025605, 51.7890060628 ],
						[ 5.8553040564, 51.7890067814 ],
						[ 5.8553055668, 51.7890074821 ],
						[ 5.8553070918, 51.7890081558 ],
						[ 5.8553086458, 51.7890088116 ],
						[ 5.8553102289, 51.7890094404 ],
						[ 5.8553118264, 51.7890100423 ],
						[ 5.8553134531, 51.7890106262 ],
						[ 5.8553150942, 51.7890111922 ],
						[ 5.8553167789, 51.7890117311 ],
						[ 5.8553184782, 51.7890122432 ],
						[ 5.8553202065, 51.7890127283 ],
						[ 5.8553219638, 51.7890131864 ],
						[ 5.8553237356, 51.7890136176 ],
						[ 5.8553255366, 51.7890140129 ],
						[ 5.855327352, 51.7890143812 ],
						[ 5.8553291819, 51.7890147135 ],
						[ 5.8553310264, 51.78901501 ],
						[ 5.8553328854, 51.7890152615 ],
						[ 5.8553347589, 51.7890154861 ],
						[ 5.855336647, 51.7890156658 ],
						[ 5.855338535, 51.7890158005 ],
						[ 5.8553404085, 51.7890158993 ],
						[ 5.8553422821, 51.7890159442 ],
						[ 5.8553441265, 51.7890159622 ],
						[ 5.855345971, 51.7890159263 ],
						[ 5.855347801, 51.7890158634 ],
						[ 5.8553496164, 51.7890157556 ],
						[ 5.8553514028, 51.7890156208 ],
						[ 5.8553531892, 51.7890154412 ],
						[ 5.855354932, 51.7890152346 ],
						[ 5.8553566603, 51.789015001 ],
						[ 5.855358374, 51.7890147315 ],
						[ 5.8553600587, 51.7890144441 ],
						[ 5.8553617289, 51.7890141207 ],
						[ 5.8553633846, 51.7890137793 ],
						[ 5.8553650112, 51.78901342 ],
						[ 5.8553682064, 51.7890126205 ],
						[ 5.8553697749, 51.7890121983 ],
						[ 5.8553713289, 51.7890117491 ],
						[ 5.8553722003, 51.7890114886 ],
						[ 5.8553728539, 51.789011291 ],
						[ 5.8553743643, 51.7890108238 ],
						[ 5.8553758602, 51.7890103388 ],
						[ 5.8553773271, 51.7890098447 ],
						[ 5.8553802318, 51.7890088116 ],
						[ 5.8553830784, 51.7890077516 ],
						[ 5.8553844872, 51.7890072036 ],
						[ 5.8553854893, 51.7890067994 ],
						[ 5.8553858814, 51.7890066467 ],
						[ 5.855386564, 51.7890063682 ],
						[ 5.8553872611, 51.7890060897 ],
						[ 5.8553876533, 51.789005928 ],
						[ 5.8553886263, 51.7890055328 ],
						[ 5.8553894396, 51.7890051914 ],
						[ 5.855389977, 51.7890049668 ],
						[ 5.8553913132, 51.7890043919 ],
						[ 5.8553926638, 51.789003826 ],
						[ 5.8553934917, 51.7890034666 ],
						[ 5.855394, 51.789003251 ],
						[ 5.8553946536, 51.7890029636 ],
						[ 5.8553953216, 51.7890026761 ],
						[ 5.855395859, 51.7890024426 ],
						[ 5.8553966287, 51.7890021012 ],
						[ 5.8554052847, 51.7889982654 ],
						[ 5.8554081458, 51.7889970078 ],
						[ 5.8554118057, 51.7889954357 ],
						[ 5.8554149718, 51.7889941242 ],
						[ 5.8554157706, 51.7889938008 ],
						[ 5.8554189658, 51.7889925521 ],
						[ 5.8554208248, 51.7889918694 ],
						[ 5.8554217833, 51.788991519 ],
						[ 5.8554236133, 51.7889908812 ],
						[ 5.8554259225, 51.7889901177 ],
						[ 5.8554282608, 51.78898939 ],
						[ 5.85543179, 51.7889883839 ],
						[ 5.8554341718, 51.7889877641 ],
						[ 5.8554365827, 51.7889871712 ],
						[ 5.8554402281, 51.7889863537 ],
						[ 5.8554426825, 51.7889858507 ],
						[ 5.8554464005, 51.788985159 ],
						[ 5.8554489131, 51.7889847278 ],
						[ 5.8554539963, 51.7889839552 ],
						[ 5.8554565669, 51.7889836139 ],
						[ 5.8554591666, 51.7889832905 ],
						[ 5.8554629572, 51.7889828773 ],
						[ 5.8554657312, 51.7889825898 ],
						[ 5.8554697397, 51.7889822305 ],
						[ 5.8554724265, 51.7889820149 ],
						[ 5.8554778728, 51.7889816286 ],
						[ 5.8554833917, 51.7889813052 ],
						[ 5.8554894915, 51.7889809998 ],
						[ 5.8554909439, 51.7889809279 ],
						[ 5.8554951557, 51.7889807572 ],
						[ 5.8554998613, 51.7889805686 ],
						[ 5.8555019381, 51.7889804967 ]
					],
					[
						[ 5.855335703, 51.7890931544 ],
						[ 5.8553212086, 51.7890932173 ],
						[ 5.8553212957, 51.7891022005 ],
						[ 5.8553357901, 51.7891021466 ],
						[ 5.855335703, 51.7890931544 ]
					]
				]
			},
			"properties" : {
				"object_name" : "Gras",
				"object_height" : 1,
				"tree_crown_diameter" : null
			}
		},
		{
			"type" : "Feature",
			"geometry" : {
				"type" : "Polygon",
				"coordinates" : [
					[
						[ 5.8548234906, 51.7893266625 ],
						[ 5.8551044173, 51.7893497133 ],
						[ 5.8551037202, 51.7893581574 ],
						[ 5.8548219512, 51.7893337951 ],
						[ 5.8548234906, 51.7893266625 ]
					]
				]
			},
			"properties" : {
				"object_name" : "Haag",
				"object_height" : 1,
				"tree_crown_diameter" : null
			}
		},
		{
			"type" : "Feature",
			"geometry" : {
				"type" : "Polygon",
				"coordinates" : [
					[
						[ 5.8553445913, 51.7887757796 ],
						[ 5.855358679, 51.7887771181 ],
						[ 5.8556496124, 51.7888045617 ],
						[ 5.8556630901, 51.7888058193 ],
						[ 5.8556407095, 51.7888123321 ],
						[ 5.85560504, 51.7888162488 ],
						[ 5.8555933922, 51.7888137604 ],
						[ 5.8555793335, 51.7888093407 ],
						[ 5.8555657396, 51.7888087209 ],
						[ 5.8555492845, 51.7888122333 ],
						[ 5.8555230697, 51.7888250073 ],
						[ 5.8554903339, 51.7888380778 ],
						[ 5.8554211298, 51.7888384192 ],
						[ 5.8553736236, 51.7888418148 ],
						[ 5.8553095172, 51.7888343408 ],
						[ 5.8552931493, 51.7888285557 ],
						[ 5.8552930622, 51.7888195635 ],
						[ 5.8553010936, 51.7887903234 ],
						[ 5.855309401, 51.788772393 ],
						[ 5.8553445913, 51.7887757796 ]
					],
					[
						[ 5.8555329602, 51.7888098258 ],
						[ 5.8555184658, 51.7888098797 ],
						[ 5.8555185675, 51.7888188718 ],
						[ 5.8555330618, 51.7888188089 ],
						[ 5.8555329602, 51.7888098258 ]
					],
					[
						[ 5.8553896139, 51.7887937909 ],
						[ 5.8553751195, 51.7887938538 ],
						[ 5.8553752067, 51.7888028369 ],
						[ 5.8553897011, 51.788802783 ],
						[ 5.8553896139, 51.7887937909 ]
					]
				]
			},
			"properties" : {
				"object_name" : "Heesters",
				"object_height" : 0.5,
				"tree_crown_diameter" : null
			}
		},
		{
			"type" : "Feature",
			"geometry" : {
				"type" : "Polygon",
				"coordinates" : [
					[
						[ 5.8555229535, 51.7892375407 ],
						[ 5.8555232585, 51.7892347469 ],
						[ 5.8555219659, 51.7892303721 ],
						[ 5.8555233021, 51.7892305967 ],
						[ 5.855532873, 51.7892319531 ],
						[ 5.8555425021, 51.7892331569 ],
						[ 5.8555521601, 51.7892342349 ],
						[ 5.8555618182, 51.7892352589 ],
						[ 5.8555714763, 51.7892362201 ],
						[ 5.8555811344, 51.7892371454 ],
						[ 5.8555907925, 51.7892380257 ],
						[ 5.8556004651, 51.7892388881 ],
						[ 5.8556101232, 51.7892397325 ],
						[ 5.8556391991, 51.7892422299 ],
						[ 5.8556586605, 51.7892439187 ],
						[ 5.8556685219, 51.7892447092 ],
						[ 5.855678543, 51.789245365 ],
						[ 5.855688782, 51.7892458321 ],
						[ 5.8556993406, 51.7892460477 ],
						[ 5.8557001248, 51.7892460387 ],
						[ 5.855695913, 51.7892510244 ],
						[ 5.8556955354, 51.7892525785 ],
						[ 5.8555229535, 51.7892375407 ]
					]
				]
			},
			"properties" : {
				"object_name" : "Bloemrijk Gras",
				"object_height" : 1,
				"tree_crown_diameter" : null
			}
		},
		{
			"type" : "Feature",
			"geometry" : {
				"type" : "Polygon",
				"coordinates" : [
					[
						[ 5.8535757247, 51.7886898199 ],
						[ 5.8535904079, 51.7886280158 ],
						[ 5.8536374784, 51.7886330014 ],
						[ 5.8536374493, 51.7886398825 ],
						[ 5.8536384805, 51.7886499616 ],
						[ 5.8536403395, 51.7886600677 ],
						[ 5.8536425325, 51.7886670835 ],
						[ 5.8536451322, 51.7886737849 ],
						[ 5.8536493149, 51.7886831364 ],
						[ 5.8536543255, 51.7886936736 ],
						[ 5.8536606432, 51.7887068789 ],
						[ 5.8536651745, 51.788717461 ],
						[ 5.8536687328, 51.7887268484 ],
						[ 5.853671071, 51.7887346458 ],
						[ 5.8536730317, 51.788742524 ],
						[ 5.8536746874, 51.7887506089 ],
						[ 5.8536767207, 51.7887630595 ],
						[ 5.8536780859, 51.7887733272 ],
						[ 5.8536792187, 51.788783577 ],
						[ 5.8536802499, 51.7887965038 ],
						[ 5.8536802353, 51.7888066098 ],
						[ 5.8536794075, 51.7888159433 ],
						[ 5.8535503523, 51.7887989292 ],
						[ 5.8535757247, 51.7886898199 ]
					],
					[
						[ 5.8536118881, 51.7886496562 ],
						[ 5.8535973937, 51.7886497191 ],
						[ 5.8535974954, 51.7886587022 ],
						[ 5.8536119897, 51.7886586483 ],
						[ 5.8536118881, 51.7886496562 ]
					],
					[
						[ 5.8535916569, 51.7886978328 ],
						[ 5.8535771626, 51.7886978957 ],
						[ 5.8535772497, 51.7887068789 ],
						[ 5.8535917441, 51.788706825 ],
						[ 5.8535916569, 51.7886978328 ]
					],
					[
						[ 5.853583306, 51.7887396494 ],
						[ 5.8535688116, 51.7887397033 ],
						[ 5.8535689132, 51.7887486954 ],
						[ 5.8535834076, 51.7887486326 ],
						[ 5.853583306, 51.7887396494 ]
					]
				]
			},
			"properties" : {
				"object_name" : "Bloemrijk Gras",
				"object_height" : 1,
				"tree_crown_diameter" : null
			}
		},
		{
			"type" : "Feature",
			"geometry" : {
				"type" : "Polygon",
				"coordinates" : [
					[
						[ 5.8559711611, 51.7888885272 ],
						[ 5.8559644803, 51.7889152611 ],
						[ 5.8559633765, 51.7889199862 ],
						[ 5.855942884, 51.7889174889 ],
						[ 5.8559270534, 51.7889137249 ],
						[ 5.855916553, 51.7889083889 ],
						[ 5.8559019569, 51.7888985973 ],
						[ 5.8558968592, 51.7888959293 ],
						[ 5.8558865912, 51.7888916893 ],
						[ 5.8558775866, 51.7888897759 ],
						[ 5.8558696859, 51.7888898028 ],
						[ 5.8558628889, 51.7888906472 ],
						[ 5.8558556272, 51.7888920486 ],
						[ 5.8558471165, 51.7888938901 ],
						[ 5.8558396224, 51.7888952825 ],
						[ 5.8558333918, 51.7888960461 ],
						[ 5.8558255056, 51.7888963515 ],
						[ 5.8558196962, 51.7888960012 ],
						[ 5.8558107062, 51.7888942046 ],
						[ 5.8558036478, 51.7888905394 ],
						[ 5.8557988842, 51.7888868294 ],
						[ 5.8557942948, 51.7888800112 ],
						[ 5.8557928715, 51.7888745135 ],
						[ 5.8557930457, 51.7888691056 ],
						[ 5.8557957035, 51.7888633744 ],
						[ 5.8557996975, 51.7888592511 ],
						[ 5.8558088182, 51.7888528641 ],
						[ 5.8558182729, 51.7888489654 ],
						[ 5.855826653, 51.7888468274 ],
						[ 5.8558348442, 51.7888464681 ],
						[ 5.8558423964, 51.7888482378 ],
						[ 5.8558494838, 51.7888514897 ],
						[ 5.8558565277, 51.7888553434 ],
						[ 5.855866636, 51.7888596913 ],
						[ 5.8558805058, 51.7888628803 ],
						[ 5.8558887697, 51.7888633384 ],
						[ 5.8558986601, 51.7888625749 ],
						[ 5.8559084199, 51.7888607064 ],
						[ 5.8559172501, 51.7888575802 ],
						[ 5.8559260368, 51.7888536456 ],
						[ 5.8559344894, 51.7888491181 ],
						[ 5.8559413445, 51.7888455608 ],
						[ 5.8559517723, 51.7888418777 ],
						[ 5.8559692876, 51.7888424616 ],
						[ 5.8559709142, 51.7888426772 ],
						[ 5.8559709723, 51.7888474113 ],
						[ 5.8559807901, 51.7888473754 ],
						[ 5.8559711611, 51.7888885272 ]
					]
				]
			},
			"properties" : {
				"object_name" : "Heesters",
				"object_height" : 0.5,
				"tree_crown_diameter" : null
			}
		},
		{
			"type" : "Feature",
			"geometry" : {
				"type" : "Polygon",
				"coordinates" : [
					[
						[ 5.8547805449, 51.7887381492 ],
						[ 5.8547871385, 51.7887424432 ],
						[ 5.8547986556, 51.7887469258 ],
						[ 5.8548026495, 51.7887504112 ],
						[ 5.8548026931, 51.7887550286 ],
						[ 5.8547992946, 51.7887609215 ],
						[ 5.8547887361, 51.7887715576 ],
						[ 5.8547739512, 51.788775609 ],
						[ 5.8547510768, 51.78877772 ],
						[ 5.8547128221, 51.7887722942 ],
						[ 5.8546883647, 51.7887706862 ],
						[ 5.8546746691, 51.7887713959 ],
						[ 5.8546440972, 51.7887791124 ],
						[ 5.8546281069, 51.7887919583 ],
						[ 5.8546124216, 51.7888030345 ],
						[ 5.8545885161, 51.7888137514 ],
						[ 5.8545798746, 51.788815575 ],
						[ 5.8545644362, 51.7888156379 ],
						[ 5.854552803, 51.788810778 ],
						[ 5.8545436096, 51.7887997647 ],
						[ 5.8545493028, 51.7887865594 ],
						[ 5.8545604568, 51.7887730488 ],
						[ 5.8545658305, 51.788764371 ],
						[ 5.8545657433, 51.7887565737 ],
						[ 5.8545612411, 51.7887510131 ],
						[ 5.8545511618, 51.7887454346 ],
						[ 5.8545385845, 51.7887354633 ],
						[ 5.8545249325, 51.7887143888 ],
						[ 5.8545192103, 51.7887006356 ],
						[ 5.8547723827, 51.7887234079 ],
						[ 5.8547805449, 51.7887381492 ]
					]
				]
			},
			"properties" : {
				"object_name" : "Heesters",
				"object_height" : 0.5,
				"tree_crown_diameter" : null
			}
		},
		{
			"type" : "Feature",
			"geometry" : {
				"type" : "Polygon",
				"coordinates" : [
					[
						[ 5.8556201734, 51.788975529 ],
						[ 5.855628016, 51.7889732743 ],
						[ 5.855632983, 51.7889719807 ],
						[ 5.8556423652, 51.7889698876 ],
						[ 5.8556519071, 51.7889682437 ],
						[ 5.8556647603, 51.7889667076 ],
						[ 5.8556744619, 51.7889660788 ],
						[ 5.85568595, 51.7889660428 ],
						[ 5.8556969878, 51.7889667345 ],
						[ 5.8557065587, 51.7889677856 ],
						[ 5.855716057, 51.7889692857 ],
						[ 5.8557223457, 51.7889704536 ],
						[ 5.8557431723, 51.7889752056 ],
						[ 5.8557562724, 51.7889786192 ],
						[ 5.8557805556, 51.7889846469 ],
						[ 5.8557898361, 51.7889863537 ],
						[ 5.8558002929, 51.7889877012 ],
						[ 5.8558185634, 51.788989399 ],
						[ 5.8558219619, 51.7889903692 ],
						[ 5.8558249537, 51.7889924443 ],
						[ 5.8558271758, 51.788995822 ],
						[ 5.8558287298, 51.7890014814 ],
						[ 5.8558299353, 51.789009683 ],
						[ 5.8558310536, 51.7890164383 ],
						[ 5.855835672, 51.7890240381 ],
						[ 5.8558419026, 51.7890315839 ],
						[ 5.8558452284, 51.7890382764 ],
						[ 5.8558448363, 51.7890444118 ],
						[ 5.8558423528, 51.7890489933 ],
						[ 5.8558325495, 51.7890559283 ],
						[ 5.8558326511, 51.7890554162 ],
						[ 5.8558326947, 51.7890545628 ],
						[ 5.8558326366, 51.7890538082 ],
						[ 5.8558325059, 51.7890530986 ],
						[ 5.8558323316, 51.7890524248 ],
						[ 5.8558315909, 51.7890501072 ],
						[ 5.8558306905, 51.7890477895 ],
						[ 5.8558296303, 51.7890454898 ],
						[ 5.8558284248, 51.7890432081 ],
						[ 5.8558270741, 51.7890409354 ],
						[ 5.8558255782, 51.7890386806 ],
						[ 5.8558239371, 51.7890364438 ],
						[ 5.8558221797, 51.789034225 ],
						[ 5.8558203062, 51.7890320241 ],
						[ 5.855818302, 51.7890298502 ],
						[ 5.8558161961, 51.7890276942 ],
						[ 5.855813974, 51.7890255652 ],
						[ 5.8558116648, 51.7890234631 ],
						[ 5.8558092539, 51.789021379 ],
						[ 5.8558067559, 51.7890193309 ],
						[ 5.8558041707, 51.7890173097 ],
						[ 5.855800961, 51.7890149291 ],
						[ 5.8557976497, 51.7890125935 ],
						[ 5.8557942367, 51.7890103118 ],
						[ 5.855790722, 51.789008093 ],
						[ 5.8557870911, 51.789005937 ],
						[ 5.8557833731, 51.7890038529 ],
						[ 5.855779568, 51.7890018407 ],
						[ 5.8557756612, 51.7889999003 ],
						[ 5.8557716818, 51.7889980588 ],
						[ 5.8557676007, 51.7889962981 ],
						[ 5.855763447, 51.7889946272 ],
						[ 5.8557592062, 51.7889930641 ],
						[ 5.8557548927, 51.7889915999 ],
						[ 5.8557505211, 51.7889902524 ],
						[ 5.8557482991, 51.7889896236 ],
						[ 5.8557460625, 51.7889890127 ],
						[ 5.8557438113, 51.7889884378 ],
						[ 5.8557415311, 51.7889878988 ],
						[ 5.8557371596, 51.7889869466 ],
						[ 5.8557327154, 51.7889860932 ],
						[ 5.8557282422, 51.7889853476 ],
						[ 5.8557237109, 51.7889846739 ],
						[ 5.855719136, 51.78898409 ],
						[ 5.8557145321, 51.788983569 ],
						[ 5.8557098991, 51.7889831018 ],
						[ 5.8557052371, 51.7889826886 ],
						[ 5.8557005605, 51.7889823203 ],
						[ 5.855695855, 51.7889819789 ],
						[ 5.8556864147, 51.7889813591 ],
						[ 5.85567696, 51.7889807572 ],
						[ 5.8556675343, 51.7889801015 ],
						[ 5.8556623058, 51.7889796882 ],
						[ 5.8556570919, 51.7889792481 ],
						[ 5.8556467077, 51.7889782689 ],
						[ 5.855636367, 51.7889772179 ],
						[ 5.8556201734, 51.788975529 ]
					]
				]
			},
			"properties" : {
				"object_name" : "Heesters",
				"object_height" : 0.5,
				"tree_crown_diameter" : null
			}
		},
		{
			"type" : "Feature",
			"geometry" : {
				"type" : "Polygon",
				"coordinates" : [
					[
						[ 5.8551353377, 51.7892039077 ],
						[ 5.8551246049, 51.7892505842 ],
						[ 5.855099276, 51.7891993353 ],
						[ 5.8551353377, 51.7892039077 ]
					]
				]
			},
			"properties" : {
				"object_name" : "Bloemrijk Gras",
				"object_height" : 1,
				"tree_crown_diameter" : null
			}
		},
		{
			"type" : "Feature",
			"geometry" : {
				"type" : "Polygon",
				"coordinates" : [
					[
						[ 5.8547703058, 51.7890073294 ],
						[ 5.8547626956, 51.7890063682 ],
						[ 5.8547550853, 51.7890055328 ],
						[ 5.8547474605, 51.7890048411 ],
						[ 5.8547398647, 51.7890042841 ],
						[ 5.8547322835, 51.7890038349 ],
						[ 5.8547247168, 51.7890035116 ],
						[ 5.8547134466, 51.7890032241 ],
						[ 5.8547023217, 51.7890031612 ],
						[ 5.8546890182, 51.7890033049 ],
						[ 5.8546601747, 51.7890040775 ],
						[ 5.854648919, 51.7890045985 ],
						[ 5.8546410183, 51.7890051375 ],
						[ 5.8546369081, 51.7890054878 ],
						[ 5.8546327254, 51.7890059101 ],
						[ 5.854628441, 51.7890064041 ],
						[ 5.8546240694, 51.789006997 ],
						[ 5.8546233287, 51.7890070689 ],
						[ 5.8546215569, 51.7890071946 ],
						[ 5.8546197124, 51.7890072396 ],
						[ 5.8546178679, 51.7890072036 ],
						[ 5.8546160816, 51.7890070599 ],
						[ 5.8546144114, 51.7890067994 ],
						[ 5.8546129445, 51.7890063951 ],
						[ 5.85461171, 51.7890058382 ],
						[ 5.8546107805, 51.7890051195 ],
						[ 5.8546101269, 51.7890042572 ],
						[ 5.8546097203, 51.789003278 ],
						[ 5.8546095315, 51.789002209 ],
						[ 5.854609546, 51.7890010771 ],
						[ 5.8546097203, 51.7889999003 ],
						[ 5.8546100398, 51.7889987146 ],
						[ 5.8546104755, 51.7889975288 ],
						[ 5.8546109983, 51.7889963879 ],
						[ 5.8546115648, 51.7889953099 ],
						[ 5.8546120005, 51.7889945823 ],
						[ 5.8546126685, 51.7889932438 ],
						[ 5.8546138595, 51.7889911597 ],
						[ 5.8546151085, 51.7889891565 ],
						[ 5.8546164301, 51.7889872341 ],
						[ 5.8546171272, 51.7889862909 ],
						[ 5.8546178389, 51.7889853746 ],
						[ 5.8546193638, 51.788983569 ],
						[ 5.8546201626, 51.7889826976 ],
						[ 5.854621005, 51.7889818352 ],
						[ 5.8546218764, 51.7889809818 ],
						[ 5.8546228204, 51.7889801464 ],
						[ 5.8546238516, 51.7889793379 ],
						[ 5.8546249989, 51.7889785474 ],
						[ 5.854626277, 51.7889777928 ],
						[ 5.8546277293, 51.7889770741 ],
						[ 5.8546293705, 51.7889763824 ],
						[ 5.8546312295, 51.7889757446 ],
						[ 5.8546333354, 51.7889751517 ],
						[ 5.8546357027, 51.7889746038 ],
						[ 5.8546383605, 51.7889741187 ],
						[ 5.8546412507, 51.7889736875 ],
						[ 5.854644257, 51.7889733371 ],
						[ 5.8546472198, 51.7889730766 ],
						[ 5.8546500228, 51.788972906 ],
						[ 5.8546525354, 51.7889728521 ],
						[ 5.8546546122, 51.7889729149 ],
						[ 5.8546693244, 51.7889740558 ],
						[ 5.8546837753, 51.7889754751 ],
						[ 5.85469384, 51.7889766519 ],
						[ 5.8547218993, 51.7889802901 ],
						[ 5.8547494066, 51.7889839283 ],
						[ 5.854754272, 51.7889846829 ],
						[ 5.8547589921, 51.7889854914 ],
						[ 5.8547630296, 51.7889862639 ],
						[ 5.8547682871, 51.7889874946 ],
						[ 5.8547704511, 51.7889879438 ],
						[ 5.8547721503, 51.788988357 ],
						[ 5.8547730363, 51.7889886085 ],
						[ 5.8547744015, 51.7889890487 ],
						[ 5.8547753455, 51.78898939 ],
						[ 5.8547762895, 51.7889897583 ],
						[ 5.854777248, 51.7889901536 ],
						[ 5.8547782211, 51.7889905848 ],
						[ 5.8547791651, 51.7889910429 ],
						[ 5.8547801237, 51.788991528 ],
						[ 5.8547810677, 51.7889920491 ],
						[ 5.8547819972, 51.788992588 ],
						[ 5.8547827379, 51.7889930552 ],
						[ 5.8547838998, 51.7889938457 ],
						[ 5.8547843645, 51.7889940972 ],
						[ 5.8547855554, 51.7889948877 ],
						[ 5.8547866011, 51.788995804 ],
						[ 5.8547874871, 51.7889968371 ],
						[ 5.8547881987, 51.788997942 ],
						[ 5.8547887216, 51.7889990918 ],
						[ 5.8547890411, 51.7890002686 ],
						[ 5.8547891427, 51.7890014454 ],
						[ 5.854789012, 51.7890025863 ],
						[ 5.8547886344, 51.7890036643 ],
						[ 5.8547879954, 51.7890046614 ],
						[ 5.8547870949, 51.7890055417 ],
						[ 5.8547859185, 51.7890062873 ],
						[ 5.8547845098, 51.7890068982 ],
						[ 5.8547829267, 51.7890073743 ],
						[ 5.8547812129, 51.7890077247 ],
						[ 5.8547794266, 51.7890079492 ],
						[ 5.8547776111, 51.7890080391 ],
						[ 5.8547758247, 51.7890080121 ],
						[ 5.854774111, 51.7890078684 ],
						[ 5.8547703058, 51.7890073294 ]
					]
				]
			},
			"properties" : {
				"object_name" : "Vaste Planten",
				"object_height" : 0,
				"tree_crown_diameter" : null
			}
		},
		{
			"type" : "Feature",
			"geometry" : {
				"type" : "Polygon",
				"coordinates" : [
					[
						[ 5.8558716611, 51.789126473 ],
						[ 5.8558717482, 51.7891354651 ],
						[ 5.8558844998, 51.7891354112 ],
						[ 5.8558845724, 51.7891361298 ],
						[ 5.8558846595, 51.78913763 ],
						[ 5.8558847176, 51.7891391392 ],
						[ 5.8558847322, 51.7891414119 ],
						[ 5.8558846886, 51.7891433074 ],
						[ 5.8558845869, 51.7891452118 ],
						[ 5.8558843691, 51.7891478798 ],
						[ 5.8558840786, 51.7891505478 ],
						[ 5.8558838753, 51.789152066 ],
						[ 5.8558834105, 51.7891551023 ],
						[ 5.8558829748, 51.7891575097 ],
						[ 5.8558825972, 51.789159495 ],
						[ 5.8558822922, 51.7891609413 ],
						[ 5.8558817258, 51.7891635105 ],
						[ 5.8558809561, 51.7891665378 ],
						[ 5.8558802154, 51.7891690621 ],
						[ 5.8558798959, 51.7891700682 ],
						[ 5.8558795473, 51.7891711102 ],
						[ 5.8558793294, 51.7891717391 ],
						[ 5.8558787049, 51.7891734638 ],
						[ 5.8558778916, 51.7891754581 ],
						[ 5.8558774559, 51.7891764642 ],
						[ 5.8558771509, 51.7891771559 ],
						[ 5.8558769185, 51.7891776679 ],
						[ 5.8558765119, 51.7891785213 ],
						[ 5.8558759164, 51.7891797071 ],
						[ 5.8558746238, 51.7891820517 ],
						[ 5.855874072, 51.789182977 ],
						[ 5.8558729101, 51.7891848185 ],
						[ 5.8558716465, 51.7891866331 ],
						[ 5.8558709785, 51.7891875314 ],
						[ 5.8558699618, 51.789188834 ],
						[ 5.8558689742, 51.7891900288 ],
						[ 5.8558673476, 51.7891918703 ],
						[ 5.8558664762, 51.7891927956 ],
						[ 5.855864777, 51.7891945114 ],
						[ 5.8558641234, 51.7891951402 ],
						[ 5.8558633101, 51.7891958948 ],
						[ 5.855861727, 51.78919735 ],
						[ 5.8558600278, 51.7891988143 ],
						[ 5.855858285, 51.7892002516 ],
						[ 5.8558560339, 51.7892020033 ],
						[ 5.8558541894, 51.7892033687 ],
						[ 5.8558523159, 51.7892047072 ],
						[ 5.8558504133, 51.7892060098 ],
						[ 5.85584777, 51.7892077256 ],
						[ 5.8558471891, 51.7892080939 ],
						[ 5.8558459401, 51.7892088664 ],
						[ 5.8558435873, 51.7892102858 ],
						[ 5.8558425561, 51.7892108787 ],
						[ 5.8558421059, 51.7892110943 ],
						[ 5.8558417138, 51.789211202 ],
						[ 5.8558413942, 51.7892112559 ],
						[ 5.8558406971, 51.7892113188 ],
						[ 5.8558400145, 51.7892113368 ],
						[ 5.8558391722, 51.7892113368 ],
						[ 5.8558384896, 51.7892113188 ],
						[ 5.8558368629, 51.789211238 ],
						[ 5.8558358899, 51.7892111751 ],
						[ 5.8558358463, 51.789211238 ],
						[ 5.8558316345, 51.7892074022 ],
						[ 5.8558316345, 51.7892073573 ],
						[ 5.8558313295, 51.7892070967 ],
						[ 5.8558311407, 51.7892068362 ],
						[ 5.855831039, 51.7892065667 ],
						[ 5.8558310245, 51.7892063871 ],
						[ 5.8558310536, 51.7892061984 ],
						[ 5.8558310971, 51.7892060188 ],
						[ 5.8558312278, 51.7892057403 ],
						[ 5.8558314312, 51.7892054618 ],
						[ 5.8558317652, 51.7892051294 ],
						[ 5.855831925, 51.7892049677 ],
						[ 5.8558320702, 51.789204851 ],
						[ 5.8558327818, 51.789204312 ],
						[ 5.8558336678, 51.7892037281 ],
						[ 5.855835367, 51.789202686 ],
						[ 5.8558377489, 51.7892011858 ],
						[ 5.8558400581, 51.7891996677 ],
						[ 5.8558411909, 51.7891988951 ],
						[ 5.855843384, 51.789197341 ],
						[ 5.8558444442, 51.7891965505 ],
						[ 5.8558448072, 51.789196272 ],
						[ 5.8558454898, 51.78919576 ],
						[ 5.855846521, 51.7891949605 ],
						[ 5.8558475231, 51.789194152 ],
						[ 5.8558494547, 51.7891925261 ],
						[ 5.8558503842, 51.7891917086 ],
						[ 5.8558512992, 51.7891908822 ],
						[ 5.855852737, 51.7891894988 ],
						[ 5.8558531146, 51.7891891125 ],
						[ 5.8558532163, 51.7891890226 ],
						[ 5.8558536811, 51.7891885555 ],
						[ 5.8558550172, 51.7891871362 ],
						[ 5.8558562662, 51.7891856989 ],
						[ 5.8558573845, 51.7891843245 ],
						[ 5.8558584302, 51.789182941 ],
						[ 5.8558591128, 51.7891819619 ],
						[ 5.8558597809, 51.7891809737 ],
						[ 5.8558607249, 51.7891794556 ],
						[ 5.8558610154, 51.7891789525 ],
						[ 5.8558615963, 51.7891779195 ],
						[ 5.8558624242, 51.7891763564 ],
						[ 5.8558634263, 51.7891742184 ],
						[ 5.8558639346, 51.7891730596 ],
						[ 5.8558643703, 51.7891719816 ],
						[ 5.8558645446, 51.7891715145 ],
						[ 5.8558647915, 51.7891708857 ],
						[ 5.8558651836, 51.7891697897 ],
						[ 5.8558655612, 51.7891686758 ],
						[ 5.8558662729, 51.789166412 ],
						[ 5.8558666069, 51.7891652622 ],
						[ 5.8558672314, 51.7891628547 ],
						[ 5.8558680738, 51.7891591267 ],
						[ 5.8558683497, 51.7891577253 ],
						[ 5.8558688726, 51.7891549046 ],
						[ 5.8558694535, 51.7891511856 ],
						[ 5.8558696859, 51.7891493441 ],
						[ 5.8558698021, 51.789148302 ],
						[ 5.8558698892, 51.7891475205 ],
						[ 5.8558699328, 51.7891469815 ],
						[ 5.8558699764, 51.7891466042 ],
						[ 5.8558700054, 51.7891462269 ],
						[ 5.855870049, 51.7891456969 ],
						[ 5.8558701652, 51.7891438913 ],
						[ 5.8558702232, 51.7891420947 ],
						[ 5.8558702378, 51.7891394267 ],
						[ 5.8558702813, 51.7891377378 ],
						[ 5.8558704266, 51.7891353393 ],
						[ 5.8558708913, 51.789129644 ],
						[ 5.8558709494, 51.7891283504 ],
						[ 5.8558709639, 51.7891271018 ],
						[ 5.8558709494, 51.7891264909 ],
						[ 5.8558709058, 51.789125889 ],
						[ 5.8558707751, 51.7891247033 ],
						[ 5.8558706735, 51.7891241283 ],
						[ 5.8558705573, 51.7891235534 ],
						[ 5.8558704121, 51.7891229875 ],
						[ 5.8558703249, 51.7891227 ],
						[ 5.8558701506, 51.7891222419 ],
						[ 5.8558700199, 51.7891218646 ],
						[ 5.8558699618, 51.7891217298 ],
						[ 5.8558699037, 51.7891215861 ],
						[ 5.8558695116, 51.7891207597 ],
						[ 5.8558690323, 51.7891199332 ],
						[ 5.8558686692, 51.7891193852 ],
						[ 5.8558675074, 51.7891177773 ],
						[ 5.8558670136, 51.7891171305 ],
						[ 5.8558668829, 51.7891169418 ],
						[ 5.8558665343, 51.7891164837 ],
						[ 5.8558657355, 51.7891155045 ],
						[ 5.8558655903, 51.7891153338 ],
						[ 5.8558652998, 51.7891149835 ],
						[ 5.8558649658, 51.7891146152 ],
						[ 5.8558648205, 51.7891144445 ],
						[ 5.8558643122, 51.7891138876 ],
						[ 5.8558637603, 51.7891133216 ],
						[ 5.8558625404, 51.7891121358 ],
						[ 5.8558614511, 51.7891111567 ],
						[ 5.8558608702, 51.7891106716 ],
						[ 5.8558601149, 51.7891100877 ],
						[ 5.8558597809, 51.7891098451 ],
						[ 5.8558596792, 51.7891097643 ],
						[ 5.8558595776, 51.7891096924 ],
						[ 5.8558592, 51.7891094139 ],
						[ 5.8558588805, 51.7891091894 ],
						[ 5.8558586916, 51.7891090636 ],
						[ 5.8558584883, 51.7891089289 ],
						[ 5.8558581398, 51.7891086953 ],
						[ 5.8558575443, 51.789108318 ],
						[ 5.8558562372, 51.7891075365 ],
						[ 5.8558547558, 51.7891067549 ],
						[ 5.8558545089, 51.7891066381 ],
						[ 5.8558543637, 51.7891065573 ],
						[ 5.8558541603, 51.7891064675 ],
						[ 5.8558539715, 51.7891063687 ],
						[ 5.8558584447, 51.7891028293 ],
						[ 5.8558608702, 51.7891036198 ],
						[ 5.8558615818, 51.7891038624 ],
						[ 5.8558635279, 51.7891045451 ],
						[ 5.8558655612, 51.7891053536 ],
						[ 5.8558672895, 51.7891061351 ],
						[ 5.8558683062, 51.7891066471 ],
						[ 5.8558696423, 51.7891073838 ],
						[ 5.8558700344, 51.7891076353 ],
						[ 5.8558711092, 51.7891083539 ],
						[ 5.8558717337, 51.78910883 ],
						[ 5.8558723001, 51.7891093061 ],
						[ 5.8558730698, 51.7891100158 ],
						[ 5.8558738251, 51.7891107973 ],
						[ 5.8558745658, 51.7891115879 ],
						[ 5.8558752919, 51.7891124323 ],
						[ 5.8558753791, 51.7891125401 ],
						[ 5.8558761633, 51.7891135013 ],
						[ 5.8558771509, 51.7891148038 ],
						[ 5.8558778335, 51.789115792 ],
						[ 5.8558784871, 51.7891167891 ],
						[ 5.8558793004, 51.7891181366 ],
						[ 5.8558798232, 51.7891190978 ],
						[ 5.8558805639, 51.7891205351 ],
						[ 5.8558812175, 51.7891219904 ],
						[ 5.8558816387, 51.7891229785 ],
						[ 5.8558821615, 51.7891243978 ],
						[ 5.8558828296, 51.789126428 ],
						[ 5.8558716611, 51.789126473 ]
					]
				]
			},
			"properties" : {
				"object_name" : "Gras",
				"object_height" : 1,
				"tree_crown_diameter" : null
			}
		},
		{
			"type" : "Feature",
			"geometry" : {
				"type" : "Polygon",
				"coordinates" : [
					[
						[ 5.8549260261, 51.7887373228 ],
						[ 5.8549385453, 51.7887488841 ],
						[ 5.8549608678, 51.7887694196 ],
						[ 5.8549792835, 51.7887787621 ],
						[ 5.8549894789, 51.7887821038 ],
						[ 5.8550004586, 51.7887895957 ],
						[ 5.855002521, 51.7887967823 ],
						[ 5.8550081415, 51.7888141467 ],
						[ 5.8550255551, 51.7888251511 ],
						[ 5.8550502304, 51.7888314393 ],
						[ 5.8550801196, 51.7888337659 ],
						[ 5.8551171399, 51.7888328676 ],
						[ 5.8551588076, 51.7888253756 ],
						[ 5.8552000396, 51.7888119368 ],
						[ 5.8552175549, 51.7888021722 ],
						[ 5.8552280117, 51.788791572 ],
						[ 5.855231265, 51.7887791214 ],
						[ 5.8552337485, 51.7887651256 ],
						[ 5.855309401, 51.788772393 ],
						[ 5.8553010936, 51.7887903234 ],
						[ 5.8552930622, 51.7888195635 ],
						[ 5.8552931493, 51.7888285557 ],
						[ 5.8553095172, 51.7888343408 ],
						[ 5.8553736236, 51.7888418148 ],
						[ 5.8554211298, 51.7888384192 ],
						[ 5.8554903339, 51.7888380778 ],
						[ 5.8555230697, 51.7888250073 ],
						[ 5.8555492845, 51.7888122333 ],
						[ 5.8555657396, 51.7888087209 ],
						[ 5.8555793335, 51.7888093407 ],
						[ 5.8555933922, 51.7888137604 ],
						[ 5.85560504, 51.7888162488 ],
						[ 5.8556407095, 51.7888123321 ],
						[ 5.8556630901, 51.7888058193 ],
						[ 5.8556631627, 51.7888058283 ],
						[ 5.8556655446, 51.7888051366 ],
						[ 5.8557027536, 51.7888085861 ],
						[ 5.8556881285, 51.7888124848 ],
						[ 5.8556762483, 51.7888159433 ],
						[ 5.8556644553, 51.7888195456 ],
						[ 5.8556527639, 51.7888232826 ],
						[ 5.8556411742, 51.7888271453 ],
						[ 5.8556296862, 51.7888311249 ],
						[ 5.8556182998, 51.7888352032 ],
						[ 5.8555888318, 51.7888463243 ],
						[ 5.8555742939, 51.7888520736 ],
						[ 5.855559843, 51.7888579036 ],
						[ 5.8555203829, 51.788874253 ],
						[ 5.8554810244, 51.7888907101 ],
						[ 5.8554612725, 51.7888988578 ],
						[ 5.8554413899, 51.7889068798 ],
						[ 5.8554213476, 51.7889147311 ],
						[ 5.8554112393, 51.7889185758 ],
						[ 5.8554010729, 51.7889223578 ],
						[ 5.8553749453, 51.7889317182 ],
						[ 5.8553486288, 51.788940881 ],
						[ 5.8553223559, 51.7889500977 ],
						[ 5.8553093284, 51.7889548139 ],
						[ 5.855296388, 51.7889596289 ],
						[ 5.8552798894, 51.7889661327 ],
						[ 5.8552775802, 51.788963303 ],
						[ 5.85527713, 51.7889627999 ],
						[ 5.8552648431, 51.7889510679 ],
						[ 5.8552508571, 51.7889449234 ],
						[ 5.8552493466, 51.7889447977 ],
						[ 5.855240865, 51.7889458038 ],
						[ 5.8552320638, 51.7889490108 ],
						[ 5.8552230738, 51.7889535652 ],
						[ 5.8552090006, 51.7889612728 ],
						[ 5.8552049921, 51.7889632491 ],
						[ 5.8551960457, 51.7889671298 ],
						[ 5.8551870702, 51.7889703458 ],
						[ 5.8551698309, 51.7889751248 ],
						[ 5.8551686399, 51.7889754123 ],
						[ 5.8551590109, 51.7889775053 ],
						[ 5.8551491205, 51.7889793559 ],
						[ 5.8551389831, 51.7889809549 ],
						[ 5.8551286715, 51.7889822844 ],
						[ 5.8551182146, 51.7889833534 ],
						[ 5.8550982013, 51.788984602 ],
						[ 5.8550970394, 51.7889846469 ],
						[ 5.8550864083, 51.7889848356 ],
						[ 5.8550758207, 51.7889846918 ],
						[ 5.8550653057, 51.7889841439 ],
						[ 5.8550549505, 51.7889831557 ],
						[ 5.8550447987, 51.7889816735 ],
						[ 5.8550348792, 51.7889796523 ],
						[ 5.8550333542, 51.788979284 ],
						[ 5.8550160423, 51.7889739121 ],
						[ 5.8550072556, 51.7889702649 ],
						[ 5.8549990063, 51.7889661776 ],
						[ 5.8549871261, 51.7889588653 ],
						[ 5.8549843667, 51.788956871 ],
						[ 5.8549780199, 51.7889517686 ],
						[ 5.8549720944, 51.7889464685 ],
						[ 5.8549663867, 51.7889410427 ],
						[ 5.8549606935, 51.788935563 ],
						[ 5.8549578614, 51.7889329219 ],
						[ 5.8549485955, 51.7889247742 ],
						[ 5.8549420744, 51.788919564 ],
						[ 5.8549352194, 51.7889145155 ],
						[ 5.8549280303, 51.7889096825 ],
						[ 5.8549205072, 51.7889051011 ],
						[ 5.8549126064, 51.7889008072 ],
						[ 5.8549043426, 51.7888968456 ],
						[ 5.8548893108, 51.7888909437 ],
						[ 5.8548866821, 51.7888900813 ],
						[ 5.8548772854, 51.7888873324 ],
						[ 5.8548675402, 51.7888850058 ],
						[ 5.8548575336, 51.7888830565 ],
						[ 5.85484728, 51.7888814844 ],
						[ 5.8548368522, 51.7888802627 ],
						[ 5.8548262937, 51.7888793644 ],
						[ 5.8548156625, 51.7888787805 ],
						[ 5.8548049878, 51.7888784751 ],
						[ 5.8547943276, 51.7888784301 ],
						[ 5.85478374, 51.7888786278 ],
						[ 5.8547814744, 51.7888786996 ],
						[ 5.8548636044, 51.7887317083 ],
						[ 5.8549260261, 51.7887373228 ]
					],
					[
						[ 5.8553111729, 51.7889025499 ],
						[ 5.8552966785, 51.7889026038 ],
						[ 5.8552967802, 51.7889115959 ],
						[ 5.8553112745, 51.7889115331 ],
						[ 5.8553111729, 51.7889025499 ]
					],
					[
						[ 5.8550867859, 51.7888895064 ],
						[ 5.8550722915, 51.7888895603 ],
						[ 5.8550723787, 51.7888985524 ],
						[ 5.855086873, 51.7888984895 ],
						[ 5.8550867859, 51.7888895064 ]
					],
					[
						[ 5.8549395328, 51.7887781871 ],
						[ 5.8549250385, 51.78877825 ],
						[ 5.8549251401, 51.7887872332 ],
						[ 5.8549396345, 51.7887871793 ],
						[ 5.8549395328, 51.7887781871 ]
					]
				]
			},
			"properties" : {
				"object_name" : "Bloemrijk Gras",
				"object_height" : 1,
				"tree_crown_diameter" : null
			}
		},
		{
			"type" : "Feature",
			"geometry" : {
				"type" : "Polygon",
				"coordinates" : [
					[
						[ 5.8547533861, 51.7888886619 ],
						[ 5.8547584547, 51.788879589 ],
						[ 5.8547814744, 51.7888786996 ],
						[ 5.8547763331, 51.7888878984 ],
						[ 5.8547533861, 51.7888886619 ]
					]
				]
			},
			"properties" : {
				"object_name" : "Gras",
				"object_height" : 1,
				"tree_crown_diameter" : null
			}
		},
		{
			"type" : "Feature",
			"geometry" : {
				"type" : "Polygon",
				"coordinates" : [
					[
						[ 5.8534923602, 51.789046972 ],
						[ 5.8535135935, 51.7890502868 ],
						[ 5.8535199402, 51.7890514367 ],
						[ 5.8535124607, 51.789062998 ],
						[ 5.8535094253, 51.789068334 ],
						[ 5.8535071161, 51.7890725201 ],
						[ 5.853505228, 51.7890771644 ],
						[ 5.8535036304, 51.7890822848 ],
						[ 5.8535019167, 51.7890889324 ],
						[ 5.8534998108, 51.7890974125 ],
						[ 5.8534987215, 51.7891013201 ],
						[ 5.8534961073, 51.7891085605 ],
						[ 5.8534941902, 51.7891129443 ],
						[ 5.8534923893, 51.7891166454 ],
						[ 5.8534909079, 51.7891194571 ],
						[ 5.8534868994, 51.7891264819 ],
						[ 5.85348536, 51.7891289433 ],
						[ 5.853481671, 51.7891346476 ],
						[ 5.853472681, 51.7891476912 ],
						[ 5.8534705896, 51.7891508353 ],
						[ 5.8534679609, 51.7891550124 ],
						[ 5.8534659421, 51.7891585069 ],
						[ 5.8534634731, 51.7891609503 ],
						[ 5.8534923602, 51.789046972 ]
					]
				]
			},
			"properties" : {
				"object_name" : "Bloemrijk Gras",
				"object_height" : 1,
				"tree_crown_diameter" : null
			}
		},
		{
			"type" : "Feature",
			"geometry" : {
				"type" : "Polygon",
				"coordinates" : [
					[
						[ 5.8540387462, 51.7892227095 ],
						[ 5.8539274531, 51.7892135646 ],
						[ 5.8538828662, 51.789209612 ],
						[ 5.8538651186, 51.7892079771 ],
						[ 5.853865046, 51.789208031 ],
						[ 5.8538634484, 51.7892078873 ],
						[ 5.8538617782, 51.7892148941 ],
						[ 5.8538570581, 51.7892145078 ],
						[ 5.8535778597, 51.7891887621 ],
						[ 5.8535166579, 51.7891831297 ],
						[ 5.8535174132, 51.7891764462 ],
						[ 5.8535188074, 51.7891630254 ],
						[ 5.8535196498, 51.7891518414 ],
						[ 5.8535600394, 51.7891494339 ],
						[ 5.8535923541, 51.7891474486 ],
						[ 5.8536165646, 51.7891458496 ],
						[ 5.8536598299, 51.7891424809 ],
						[ 5.8536890365, 51.7891398039 ],
						[ 5.8537130873, 51.7891372527 ],
						[ 5.8537325342, 51.7891348991 ],
						[ 5.853752867, 51.7891321503 ],
						[ 5.8537721105, 51.7891292667 ],
						[ 5.8537812313, 51.7891277935 ],
						[ 5.8537921964, 51.789125934 ],
						[ 5.8537930969, 51.7891262214 ],
						[ 5.8538059066, 51.7891302099 ],
						[ 5.8538188179, 51.7891341446 ],
						[ 5.8538314533, 51.7891378816 ],
						[ 5.8538437982, 51.789141403 ],
						[ 5.853856724, 51.7891449333 ],
						[ 5.8538696789, 51.789148293 ],
						[ 5.8538831422, 51.7891515809 ],
						[ 5.8538958937, 51.7891544914 ],
						[ 5.8539088341, 51.7891572402 ],
						[ 5.8539219052, 51.7891598094 ],
						[ 5.8539350779, 51.7891622079 ],
						[ 5.8539483378, 51.7891644178 ],
						[ 5.8539616413, 51.789166448 ],
						[ 5.8539749302, 51.7891682895 ],
						[ 5.8539882918, 51.7891699514 ],
						[ 5.85400206, 51.7891714875 ],
						[ 5.8540155958, 51.789172826 ],
						[ 5.8540292479, 51.7891740208 ],
						[ 5.8540428854, 51.7891750538 ],
						[ 5.8540564648, 51.7891759252 ],
						[ 5.8540701168, 51.7891766439 ],
						[ 5.8540838124, 51.7891772008 ],
						[ 5.8540975806, 51.7891775691 ],
						[ 5.8541114505, 51.7891777578 ],
						[ 5.854125422, 51.7891777398 ],
						[ 5.8541394807, 51.7891774973 ],
						[ 5.8541535684, 51.7891770032 ],
						[ 5.8541676997, 51.7891762306 ],
						[ 5.8541817729, 51.7891751796 ],
						[ 5.8541887732, 51.7891745328 ],
						[ 5.8541957735, 51.7891738142 ],
						[ 5.8542028028, 51.7891730057 ],
						[ 5.8542098467, 51.7891721164 ],
						[ 5.8542168615, 51.7891711462 ],
						[ 5.8542307895, 51.7891689812 ],
						[ 5.8542445432, 51.7891665288 ],
						[ 5.8542580935, 51.7891638069 ],
						[ 5.8542714406, 51.7891608335 ],
						[ 5.8542845698, 51.7891576265 ],
						[ 5.8542974811, 51.789154186 ],
						[ 5.8543102036, 51.7891505209 ],
						[ 5.8543227228, 51.7891466581 ],
						[ 5.8543350096, 51.7891426067 ],
						[ 5.8543471076, 51.7891383936 ],
						[ 5.8543589878, 51.7891340278 ],
						[ 5.8543706792, 51.7891295452 ],
						[ 5.854376445, 51.7891272275 ],
						[ 5.8544072346, 51.7891474306 ],
						[ 5.8544354101, 51.7891715594 ],
						[ 5.8544770342, 51.7892028298 ],
						[ 5.8544666645, 51.7892047432 ],
						[ 5.8544593302, 51.7892083634 ],
						[ 5.8544581828, 51.7892131694 ],
						[ 5.8544299928, 51.789222413 ],
						[ 5.8543980413, 51.7892225388 ],
						[ 5.8543683554, 51.7892214428 ],
						[ 5.8543343415, 51.7892164033 ],
						[ 5.854311046, 51.7892134658 ],
						[ 5.8542964935, 51.7892140407 ],
						[ 5.8542875035, 51.7892159901 ],
						[ 5.8542800384, 51.7892227723 ],
						[ 5.8542774823, 51.7892260781 ],
						[ 5.8542383126, 51.7892225568 ],
						[ 5.8542019024, 51.789237882 ],
						[ 5.8540912484, 51.7892280814 ],
						[ 5.8540387462, 51.7892227095 ]
					],
					[
						[ 5.8543993339, 51.7891484637 ],
						[ 5.8543848395, 51.7891485176 ],
						[ 5.8543849266, 51.7891575097 ],
						[ 5.854399421, 51.7891574469 ],
						[ 5.8543993339, 51.7891484637 ]
					],
					[
						[ 5.854310465, 51.7891776679 ],
						[ 5.8542959706, 51.7891777308 ],
						[ 5.8542960578, 51.789186714 ],
						[ 5.8543105522, 51.7891866601 ],
						[ 5.854310465, 51.7891776679 ]
					],
					[
						[ 5.8542174715, 51.7891950144 ],
						[ 5.8542029771, 51.7891950773 ],
						[ 5.8542030788, 51.7892040604 ],
						[ 5.8542175586, 51.7892040065 ],
						[ 5.8542174715, 51.7891950144 ]
					],
					[
						[ 5.8541188429, 51.7892005211 ],
						[ 5.8541043485, 51.789200584 ],
						[ 5.8541044357, 51.7892095671 ],
						[ 5.85411893, 51.7892095132 ],
						[ 5.8541188429, 51.7892005211 ]
					],
					[
						[ 5.8540121974, 51.7891931279 ],
						[ 5.8539977175, 51.7891931818 ],
						[ 5.8539978046, 51.789202174 ],
						[ 5.8540086536, 51.7892021291 ],
						[ 5.8540086682, 51.7892043659 ],
						[ 5.8540231625, 51.789204312 ],
						[ 5.8540230754, 51.7891953198 ],
						[ 5.8540122264, 51.7891953648 ],
						[ 5.8540121974, 51.7891931279 ]
					],
					[
						[ 5.8539529127, 51.7891875674 ],
						[ 5.8539384183, 51.7891876213 ],
						[ 5.8539385055, 51.7891966134 ],
						[ 5.8539529999, 51.7891965505 ],
						[ 5.8539529127, 51.7891875674 ]
					],
					[
						[ 5.8539280631, 51.7891830758 ],
						[ 5.8539135687, 51.7891831387 ],
						[ 5.8539136704, 51.7891921218 ],
						[ 5.8539281648, 51.7891920679 ],
						[ 5.8539280631, 51.7891830758 ]
					],
					[
						[ 5.8538425492, 51.7891772188 ],
						[ 5.8538280548, 51.7891772727 ],
						[ 5.8538281565, 51.7891862648 ],
						[ 5.8538426508, 51.7891862109 ],
						[ 5.8538425492, 51.7891772188 ]
					],
					[
						[ 5.8538376693, 51.789161103 ],
						[ 5.8538231749, 51.7891611659 ],
						[ 5.8538232766, 51.789170149 ],
						[ 5.853837771, 51.7891700951 ],
						[ 5.8538376693, 51.789161103 ]
					],
					[
						[ 5.853788217, 51.7891721253 ],
						[ 5.8537737226, 51.7891721792 ],
						[ 5.8537738243, 51.7891811714 ],
						[ 5.8537883187, 51.7891811175 ],
						[ 5.853788217, 51.7891721253 ]
					],
					[
						[ 5.8537486843, 51.7891348273 ],
						[ 5.8537341899, 51.7891348902 ],
						[ 5.8537342915, 51.7891438733 ],
						[ 5.8537487859, 51.7891438194 ],
						[ 5.8537486843, 51.7891348273 ]
					],
					[
						[ 5.8537303412, 51.7891666995 ],
						[ 5.8537158468, 51.7891667534 ],
						[ 5.8537159339, 51.7891757455 ],
						[ 5.8537304283, 51.7891756827 ],
						[ 5.8537303412, 51.7891666995 ]
					],
					[
						[ 5.853670708, 51.789161103 ],
						[ 5.8536562136, 51.7891611659 ],
						[ 5.8536563007, 51.789170149 ],
						[ 5.853658944, 51.7891701401 ],
						[ 5.8536590311, 51.78917818 ],
						[ 5.8536735255, 51.7891781261 ],
						[ 5.8536734238, 51.7891691339 ],
						[ 5.8536707806, 51.7891691429 ],
						[ 5.853670708, 51.789161103 ]
					],
					[
						[ 5.8535875904, 51.7891506646 ],
						[ 5.853573096, 51.7891507275 ],
						[ 5.8535731831, 51.7891597106 ],
						[ 5.8535876775, 51.7891596567 ],
						[ 5.8535875904, 51.7891506646 ]
					],
					[
						[ 5.8535597199, 51.7891507005 ],
						[ 5.8535452255, 51.7891507634 ],
						[ 5.8535453272, 51.7891597465 ],
						[ 5.8535598216, 51.7891596927 ],
						[ 5.8535597199, 51.7891507005 ]
					]
				]
			},
			"properties" : {
				"object_name" : "Bloemrijk Gras",
				"object_height" : 1,
				"tree_crown_diameter" : null
			}
		},
		{
			"type" : "Feature",
			"geometry" : {
				"type" : "Polygon",
				"coordinates" : [
					[
						[ 5.8549094839, 51.7892657208 ],
						[ 5.854837651, 51.7892598279 ],
						[ 5.8548387257, 51.7892548063 ],
						[ 5.8548662041, 51.7892571419 ],
						[ 5.854927217, 51.7892623252 ],
						[ 5.8549228309, 51.7892822139 ],
						[ 5.8549062597, 51.7892808933 ],
						[ 5.8549094839, 51.7892657208 ]
					]
				]
			},
			"properties" : {
				"object_name" : "Haag",
				"object_height" : 1,
				"tree_crown_diameter" : null
			}
		},
		{
			"type" : "Feature",
			"geometry" : {
				"type" : "Polygon",
				"coordinates" : [
					[
						[ 5.8551134364, 51.789299192 ],
						[ 5.8551120857, 51.789305067 ],
						[ 5.8550442903, 51.7892994885 ],
						[ 5.8550456991, 51.7892929487 ],
						[ 5.8551134364, 51.789299192 ]
					]
				]
			},
			"properties" : {
				"object_name" : "Haag",
				"object_height" : 1,
				"tree_crown_diameter" : null
			}
		},
		{
			"type" : "Feature",
			"geometry" : {
				"type" : "Polygon",
				"coordinates" : [
					[
						[ 5.8551707458, 51.7891767876 ],
						[ 5.8551620608, 51.7892011499 ],
						[ 5.8551364415, 51.7891991017 ],
						[ 5.8551353377, 51.7892039077 ],
						[ 5.855099276, 51.7891993353 ],
						[ 5.8550814848, 51.7891633578 ],
						[ 5.8550924646, 51.7891586237 ],
						[ 5.855152577, 51.7891659449 ],
						[ 5.8551707458, 51.7891767876 ]
					],
					[
						[ 5.855132738, 51.7891707419 ],
						[ 5.8551182436, 51.7891707958 ],
						[ 5.8551183308, 51.789179788 ],
						[ 5.8551328252, 51.7891797251 ],
						[ 5.855132738, 51.7891707419 ]
					]
				]
			},
			"properties" : {
				"object_name" : "Heesters",
				"object_height" : 0.5,
				"tree_crown_diameter" : null
			}
		},
		{
			"type" : "Feature",
			"geometry" : {
				"type" : "Polygon",
				"coordinates" : [
					[
						[ 5.8552048323, 51.7891593243 ],
						[ 5.8552068947, 51.7891606089 ],
						[ 5.8551707458, 51.7891767876 ],
						[ 5.855152577, 51.7891659449 ],
						[ 5.8550924646, 51.7891586237 ],
						[ 5.8550814848, 51.7891633578 ],
						[ 5.8550423006, 51.7890840365 ],
						[ 5.8550448422, 51.7890839826 ],
						[ 5.8550481826, 51.7890838659 ],
						[ 5.8550515375, 51.7890837042 ],
						[ 5.8550548779, 51.7890835065 ],
						[ 5.8550582183, 51.789083273 ],
						[ 5.8550615442, 51.7890830035 ],
						[ 5.8550648555, 51.7890826891 ],
						[ 5.8550681669, 51.7890823297 ],
						[ 5.8550714492, 51.7890819345 ],
						[ 5.8550747315, 51.7890815033 ],
						[ 5.8550779992, 51.7890810362 ],
						[ 5.8550812379, 51.7890805241 ],
						[ 5.8550844621, 51.7890799762 ],
						[ 5.8550908815, 51.7890787724 ],
						[ 5.8550972282, 51.7890774429 ],
						[ 5.8551035314, 51.7890759786 ],
						[ 5.8551097765, 51.7890744066 ],
						[ 5.8551159635, 51.7890727267 ],
						[ 5.8551220778, 51.7890709301 ],
						[ 5.8551280905, 51.7890690077 ],
						[ 5.8551310533, 51.7890680016 ],
						[ 5.8551339725, 51.7890669596 ],
						[ 5.8551375598, 51.7890656211 ],
						[ 5.8551397383, 51.7890647677 ],
						[ 5.8551425559, 51.7890636268 ],
						[ 5.8551453153, 51.789062441 ],
						[ 5.8551480457, 51.7890612103 ],
						[ 5.8551507035, 51.7890599527 ],
						[ 5.8551533177, 51.7890586412 ],
						[ 5.8551558884, 51.7890573027 ],
						[ 5.8551583864, 51.7890559193 ],
						[ 5.8551608409, 51.7890544999 ],
						[ 5.8551632518, 51.7890530447 ],
						[ 5.8551656336, 51.7890515714 ],
						[ 5.8551692935, 51.7890491909 ],
						[ 5.8551740862, 51.7890459659 ],
						[ 5.8551834974, 51.7890394352 ],
						[ 5.8551928505, 51.7890330931 ],
						[ 5.8551975125, 51.7890301466 ],
						[ 5.8551998944, 51.7890287183 ],
						[ 5.8552030169, 51.7890269306 ],
						[ 5.8552089425, 51.7890243076 ],
						[ 5.8552186441, 51.7890199597 ],
						[ 5.8552206048, 51.7890209748 ],
						[ 5.8552263706, 51.7890258437 ],
						[ 5.855231294, 51.7890313054 ],
						[ 5.8552360868, 51.789036893 ],
						[ 5.855241228, 51.7890422649 ],
						[ 5.8552466453, 51.7890474571 ],
						[ 5.8552576105, 51.7890575542 ],
						[ 5.8552628099, 51.7890626117 ],
						[ 5.8552675881, 51.789067768 ],
						[ 5.8552717853, 51.7890730951 ],
						[ 5.8552752564, 51.7890786556 ],
						[ 5.8552782047, 51.7890843959 ],
						[ 5.8552809496, 51.7890902349 ],
						[ 5.8552837672, 51.7890960829 ],
						[ 5.8552869768, 51.7891018771 ],
						[ 5.8552908401, 51.7891075185 ],
						[ 5.8552954876, 51.7891129533 ],
						[ 5.8553008467, 51.7891181366 ],
						[ 5.8553068739, 51.7891230234 ],
						[ 5.8553135112, 51.7891275599 ],
						[ 5.8553207003, 51.7891317101 ],
						[ 5.8553245635, 51.7891335696 ],
						[ 5.8552978258, 51.7891432804 ],
						[ 5.8552942531, 51.7891408819 ],
						[ 5.8552877321, 51.7891380612 ],
						[ 5.8552806011, 51.7891357525 ],
						[ 5.855273746, 51.7891333361 ],
						[ 5.8552706961, 51.7891318988 ],
						[ 5.8552680528, 51.789130201 ],
						[ 5.8552650319, 51.7891272006 ],
						[ 5.8552628099, 51.7891237061 ],
						[ 5.8552580752, 51.7891123784 ],
						[ 5.8552562162, 51.7891090277 ],
						[ 5.8552550689, 51.7891075454 ],
						[ 5.8552537472, 51.7891062339 ],
						[ 5.8552503923, 51.7891042037 ],
						[ 5.8552487802, 51.7891036647 ],
						[ 5.8552470229, 51.7891032695 ],
						[ 5.8552430725, 51.7891028742 ],
						[ 5.8552387155, 51.789102964 ],
						[ 5.8552340825, 51.789103494 ],
						[ 5.8552293043, 51.7891044013 ],
						[ 5.8552245551, 51.789105632 ],
						[ 5.8552199512, 51.7891071232 ],
						[ 5.8552156523, 51.789108839 ],
						[ 5.855206488, 51.7891139954 ],
						[ 5.8552029443, 51.7891169149 ],
						[ 5.8552000396, 51.789120041 ],
						[ 5.8551977449, 51.7891233378 ],
						[ 5.8551960311, 51.7891267963 ],
						[ 5.8551941721, 51.7891340907 ],
						[ 5.8551939688, 51.7891379804 ],
						[ 5.8551942883, 51.789141888 ],
						[ 5.8551951743, 51.7891457508 ],
						[ 5.8551966266, 51.7891494968 ],
						[ 5.8551987034, 51.7891530631 ],
						[ 5.8552014338, 51.7891563599 ],
						[ 5.8552048323, 51.7891593243 ]
					],
					[
						[ 5.8552021019, 51.7890594766 ],
						[ 5.8551876075, 51.7890595305 ],
						[ 5.8551876947, 51.7890685226 ],
						[ 5.8552021891, 51.7890684597 ],
						[ 5.8552021019, 51.7890594766 ]
					],
					[
						[ 5.8551152228, 51.7890941067 ],
						[ 5.8551007284, 51.7890941606 ],
						[ 5.8551008301, 51.7891031527 ],
						[ 5.8551153244, 51.7891030898 ],
						[ 5.8551152228, 51.7890941067 ]
					]
				]
			},
			"properties" : {
				"object_name" : "Bloemrijk Gras",
				"object_height" : 1,
				"tree_crown_diameter" : null
			}
		},
		{
			"type" : "Feature",
			"geometry" : {
				"type" : "Polygon",
				"coordinates" : [
					[
						[ 5.8538595852, 51.788646548 ],
						[ 5.8538802375, 51.7886446436 ],
						[ 5.8539770797, 51.7886517313 ],
						[ 5.8540083196, 51.7886537345 ],
						[ 5.8540401985, 51.7886576422 ],
						[ 5.85411116, 51.7886695359 ],
						[ 5.8541685566, 51.7886757253 ],
						[ 5.8542058963, 51.7886839269 ],
						[ 5.8542145668, 51.7886906643 ],
						[ 5.8542219738, 51.7887040492 ],
						[ 5.8542187786, 51.7887026837 ],
						[ 5.8542098758, 51.788699324 ],
						[ 5.8542005517, 51.7886963506 ],
						[ 5.8541908936, 51.7886937635 ],
						[ 5.8541809596, 51.7886915446 ],
						[ 5.8541708513, 51.7886896941 ],
						[ 5.8541679902, 51.788689236 ],
						[ 5.8541503587, 51.7886869902 ],
						[ 5.8541400326, 51.788686002 ],
						[ 5.8541296919, 51.7886851576 ],
						[ 5.8541089815, 51.7886835766 ],
						[ 5.8540986553, 51.7886826872 ],
						[ 5.8540883873, 51.7886816362 ],
						[ 5.8540781628, 51.7886803336 ],
						[ 5.8540680399, 51.7886787077 ],
						[ 5.8540489852, 51.7886744317 ],
						[ 5.8540480847, 51.7886741802 ],
						[ 5.8540382814, 51.7886712157 ],
						[ 5.8540285507, 51.7886680537 ],
						[ 5.8540188491, 51.7886650443 ],
						[ 5.8540091039, 51.7886625111 ],
						[ 5.853999286, 51.7886607953 ],
						[ 5.853989323, 51.7886602114 ],
						[ 5.8539865054, 51.7886603012 ],
						[ 5.8539633551, 51.788663086 ],
						[ 5.8539586059, 51.7886633645 ],
						[ 5.8539483378, 51.7886631758 ],
						[ 5.8539380843, 51.7886621248 ],
						[ 5.8539278453, 51.7886604988 ],
						[ 5.8539176208, 51.7886585675 ],
						[ 5.8539074108, 51.7886566181 ],
						[ 5.8538971718, 51.7886549113 ],
						[ 5.8538869328, 51.7886537255 ],
						[ 5.853886439, 51.7886536896 ],
						[ 5.8538664112, 51.7886535639 ],
						[ 5.8538561141, 51.7886544352 ],
						[ 5.8538458169, 51.7886557917 ],
						[ 5.8538354908, 51.7886575344 ],
						[ 5.8538251646, 51.7886595376 ],
						[ 5.8538212869, 51.7886603372 ],
						[ 5.853844016, 51.7886500425 ],
						[ 5.8538595852, 51.788646548 ]
					]
				]
			},
			"properties" : {
				"object_name" : "Bloemrijk Gras",
				"object_height" : 1,
				"tree_crown_diameter" : null
			}
		},
		{
			"type" : "Feature",
			"geometry" : {
				"type" : "Polygon",
				"coordinates" : [
					[
						[ 5.8535198821, 51.7891433074 ],
						[ 5.8535197079, 51.7891316832 ],
						[ 5.8535192431, 51.7891204902 ],
						[ 5.8535192431, 51.789110456 ],
						[ 5.8535195917, 51.789105102 ],
						[ 5.853521044, 51.7890958763 ],
						[ 5.8535234985, 51.7890870189 ],
						[ 5.8535268534, 51.7890788892 ],
						[ 5.8535292062, 51.7890740473 ],
						[ 5.8535316171, 51.7890698252 ],
						[ 5.8535355094, 51.7890635549 ],
						[ 5.8535407959, 51.7890552455 ],
						[ 5.8535509332, 51.7890571769 ],
						[ 5.8535643238, 51.7890599437 ],
						[ 5.8535775837, 51.7890629171 ],
						[ 5.8535905822, 51.7890660163 ],
						[ 5.8536034209, 51.7890692503 ],
						[ 5.8536162451, 51.7890726279 ],
						[ 5.8536291129, 51.7890761314 ],
						[ 5.8536420823, 51.7890797606 ],
						[ 5.8536550953, 51.7890834706 ],
						[ 5.853667963, 51.7890872076 ],
						[ 5.853680671, 51.7890909715 ],
						[ 5.8536932483, 51.7890947534 ],
						[ 5.8537059273, 51.7890986162 ],
						[ 5.85371849, 51.7891025059 ],
						[ 5.8537310092, 51.7891064315 ],
						[ 5.8537434849, 51.7891103751 ],
						[ 5.8537803308, 51.789122179 ],
						[ 5.8537921964, 51.789125934 ],
						[ 5.8537812313, 51.7891277935 ],
						[ 5.8537721105, 51.7891292667 ],
						[ 5.853752867, 51.7891321503 ],
						[ 5.8537325342, 51.7891348991 ],
						[ 5.8537130873, 51.7891372527 ],
						[ 5.8536890365, 51.7891398039 ],
						[ 5.8536598299, 51.7891424809 ],
						[ 5.8536165646, 51.7891458496 ],
						[ 5.8535923541, 51.7891474486 ],
						[ 5.8535600394, 51.7891494339 ],
						[ 5.8535196498, 51.7891518414 ],
						[ 5.8535198821, 51.7891433074 ]
					],
					[
						[ 5.8536610499, 51.7891080934 ],
						[ 5.8536465555, 51.7891081563 ],
						[ 5.8536466572, 51.7891171395 ],
						[ 5.8536611515, 51.7891170856 ],
						[ 5.8536610499, 51.7891080934 ]
					],
					[
						[ 5.8535692473, 51.7890829675 ],
						[ 5.8535547529, 51.7890830304 ],
						[ 5.8535548546, 51.7890920136 ],
						[ 5.8535693344, 51.7890919597 ],
						[ 5.8535692473, 51.7890829675 ]
					]
				]
			},
			"properties" : {
				"object_name" : "Vaste Planten",
				"object_height" : 0,
				"tree_crown_diameter" : null
			}
		},
		{
			"type" : "Feature",
			"geometry" : {
				"type" : "Polygon",
				"coordinates" : [
					[
						[ 5.8542228742, 51.7889581556 ],
						[ 5.8542575707, 51.7889047148 ],
						[ 5.8543634755, 51.788988887 ],
						[ 5.8543526556, 51.7889932079 ],
						[ 5.8543447113, 51.7889985529 ],
						[ 5.8543360117, 51.7890059729 ],
						[ 5.854330885, 51.7890141835 ],
						[ 5.8543276898, 51.7890207412 ],
						[ 5.8543254242, 51.7890300927 ],
						[ 5.8543227518, 51.7890423637 ],
						[ 5.8543206605, 51.7890482027 ],
						[ 5.8543140959, 51.7890574105 ],
						[ 5.8543039731, 51.7890658457 ],
						[ 5.8542925286, 51.7890719901 ],
						[ 5.8542797625, 51.7890775417 ],
						[ 5.8542612596, 51.7890838748 ],
						[ 5.8542427713, 51.7890889234 ],
						[ 5.8542257789, 51.7890907919 ],
						[ 5.8542093529, 51.7890903068 ],
						[ 5.854185215, 51.7890865878 ],
						[ 5.8541509397, 51.7890835065 ],
						[ 5.8541312169, 51.7890828238 ],
						[ 5.8541016472, 51.7890820153 ],
						[ 5.8540589773, 51.7890784131 ],
						[ 5.8540164237, 51.7890741012 ],
						[ 5.8539748286, 51.7890695647 ],
						[ 5.8539411342, 51.7890648575 ],
						[ 5.8539169963, 51.7890598898 ],
						[ 5.8538909703, 51.7890519757 ],
						[ 5.8538745007, 51.7890450676 ],
						[ 5.8538561722, 51.7890346292 ],
						[ 5.853838715, 51.7890194567 ],
						[ 5.8538302914, 51.7890081828 ],
						[ 5.8538242932, 51.7889946362 ],
						[ 5.853822594, 51.7889751517 ],
						[ 5.8538243658, 51.7889629077 ],
						[ 5.8538337335, 51.7889293466 ],
						[ 5.8538342853, 51.7889294994 ],
						[ 5.8538633613, 51.7889376381 ],
						[ 5.8538450182, 51.7889903512 ],
						[ 5.8538894599, 51.7890330751 ],
						[ 5.8542256337, 51.7890780627 ],
						[ 5.85429462, 51.7890505114 ],
						[ 5.8543220547, 51.7889714237 ],
						[ 5.8542228742, 51.7889581556 ]
					]
				]
			},
			"properties" : {
				"object_name" : "Vaste Planten",
				"object_height" : 0,
				"tree_crown_diameter" : null
			}
		},
		{
			"type" : "Feature",
			"geometry" : {
				"type" : "Polygon",
				"coordinates" : [
					[
						[ 5.8536795092, 51.7888919408 ],
						[ 5.8536819927, 51.7888869282 ],
						[ 5.8536821524, 51.7888869731 ],
						[ 5.853688383, 51.7888887158 ],
						[ 5.8537806648, 51.7889145155 ],
						[ 5.8537781378, 51.7889301282 ],
						[ 5.8537742455, 51.7889496306 ],
						[ 5.8537696125, 51.7889666896 ],
						[ 5.8537660833, 51.7889768585 ],
						[ 5.8537589523, 51.7889957411 ],
						[ 5.8537547696, 51.7890078504 ],
						[ 5.8537510225, 51.7890233194 ],
						[ 5.853750093, 51.7890369289 ],
						[ 5.853751008, 51.7890465049 ],
						[ 5.8537537675, 51.7890580932 ],
						[ 5.8537576743, 51.7890696815 ],
						[ 5.8537616537, 51.7890792844 ],
						[ 5.8537677535, 51.789092858 ],
						[ 5.8537587635, 51.7890899834 ],
						[ 5.8537060144, 51.7890736071 ],
						[ 5.8536927255, 51.7890696365 ],
						[ 5.8536794075, 51.7890657109 ],
						[ 5.8536660459, 51.7890618481 ],
						[ 5.8536526263, 51.7890580483 ],
						[ 5.8536283431, 51.7890513918 ],
						[ 5.8536161144, 51.7890481938 ],
						[ 5.8536038276, 51.7890450946 ],
						[ 5.8535914536, 51.7890421301 ],
						[ 5.8535789925, 51.7890393004 ],
						[ 5.8535664588, 51.7890366414 ],
						[ 5.8535538234, 51.7890341711 ],
						[ 5.8535585435, 51.7890302634 ],
						[ 5.8535663281, 51.7890248825 ],
						[ 5.8535787601, 51.7890177139 ],
						[ 5.8535846421, 51.7890136805 ],
						[ 5.8535925864, 51.7890078504 ],
						[ 5.8536011262, 51.7890001968 ],
						[ 5.8536136599, 51.7889865873 ],
						[ 5.8536277331, 51.7889690252 ],
						[ 5.8536382771, 51.7889548049 ],
						[ 5.853648429, 51.7889404947 ],
						[ 5.8536615292, 51.7889212618 ],
						[ 5.8536715503, 51.7889055323 ],
						[ 5.8536795092, 51.7888919408 ]
					],
					[
						[ 5.8537177493, 51.7889748014 ],
						[ 5.853703255, 51.7889748643 ],
						[ 5.8537033421, 51.7889838474 ],
						[ 5.8537178365, 51.7889837935 ],
						[ 5.8537177493, 51.7889748014 ]
					]
				]
			},
			"properties" : {
				"object_name" : "Vaste Planten",
				"object_height" : 0,
				"tree_crown_diameter" : null
			}
		},
		{
			"type" : "Feature",
			"geometry" : {
				"type" : "Polygon",
				"coordinates" : [
					[
						[ 5.8547630296, 51.7889768496 ],
						[ 5.8547579609, 51.7889759782 ],
						[ 5.854752718, 51.7889751697 ],
						[ 5.854740983, 51.7889735617 ],
						[ 5.8547293207, 51.7889720615 ],
						[ 5.8547763331, 51.7888878984 ],
						[ 5.8547804287, 51.7888877367 ],
						[ 5.8547857733, 51.788887566 ],
						[ 5.854787153, 51.7888875301 ],
						[ 5.8547927155, 51.7888874313 ],
						[ 5.8547968982, 51.7888874043 ],
						[ 5.8547996867, 51.7888874043 ],
						[ 5.854806658, 51.7888874941 ],
						[ 5.8548108407, 51.7888876019 ],
						[ 5.8548149944, 51.7888877546 ],
						[ 5.8548163887, 51.7888878175 ],
						[ 5.8548219076, 51.788888114 ],
						[ 5.8548246525, 51.7888882936 ],
						[ 5.8548287481, 51.788888608 ],
						[ 5.8548314785, 51.7888888416 ],
						[ 5.8548355306, 51.7888892369 ],
						[ 5.8548395536, 51.788889686 ],
						[ 5.8548422113, 51.7888900094 ],
						[ 5.8548461617, 51.7888905394 ],
						[ 5.8548487759, 51.7888909257 ],
						[ 5.8548513756, 51.7888913389 ],
						[ 5.8548552243, 51.7888919947 ],
						[ 5.8548577659, 51.7888924708 ],
						[ 5.8548602785, 51.7888929649 ],
						[ 5.854862762, 51.7888934859 ],
						[ 5.854865231, 51.7888940339 ],
						[ 5.8548676709, 51.7888946088 ],
						[ 5.8548712727, 51.7888955161 ],
						[ 5.8548736546, 51.7888961629 ],
						[ 5.8548771547, 51.788897169 ],
						[ 5.8548805968, 51.788898247 ],
						[ 5.8548828479, 51.7888990016 ],
						[ 5.8548861738, 51.7889001783 ],
						[ 5.8548883668, 51.7889010048 ],
						[ 5.8548894415, 51.788901427 ],
						[ 5.8548926803, 51.7889027475 ],
						[ 5.854893755, 51.7889032057 ],
						[ 5.8548969356, 51.788904616 ],
						[ 5.8548990415, 51.7889055952 ],
						[ 5.8549011184, 51.7889066013 ],
						[ 5.8549031807, 51.7889076344 ],
						[ 5.8549052285, 51.7889086944 ],
						[ 5.8549082494, 51.7889103293 ],
						[ 5.8549102391, 51.7889114522 ],
						[ 5.8549131873, 51.788913177 ],
						[ 5.854916092, 51.7889149556 ],
						[ 5.8549170506, 51.7889155575 ],
						[ 5.8549198826, 51.7889173991 ],
						[ 5.8549226711, 51.7889192855 ],
						[ 5.8549235861, 51.7889199233 ],
						[ 5.8549254161, 51.7889212169 ],
						[ 5.854927217, 51.7889225194 ],
						[ 5.8549307752, 51.7889251874 ],
						[ 5.854932518, 51.7889265439 ],
						[ 5.8549342318, 51.7889279093 ],
						[ 5.8549367734, 51.7889299844 ],
						[ 5.8549384436, 51.7889313768 ],
						[ 5.8549416968, 51.7889341886 ],
						[ 5.8549456036, 51.78893771 ],
						[ 5.8549471141, 51.7889391203 ],
						[ 5.8549502366, 51.7889420848 ],
						[ 5.8549572514, 51.7889488311 ],
						[ 5.8549607516, 51.7889521189 ],
						[ 5.854964397, 51.7889554158 ],
						[ 5.8549662995, 51.7889570597 ],
						[ 5.8549682457, 51.7889586946 ],
						[ 5.8549702499, 51.7889603206 ],
						[ 5.8549722977, 51.7889619196 ],
						[ 5.8549733434, 51.7889627101 ],
						[ 5.8549754783, 51.7889642731 ],
						[ 5.8549776859, 51.7889658093 ],
						[ 5.8549799951, 51.7889673454 ],
						[ 5.8549823624, 51.7889688456 ],
						[ 5.8549848024, 51.7889703188 ],
						[ 5.8549860514, 51.7889710464 ],
						[ 5.8549885785, 51.7889724658 ],
						[ 5.8549898711, 51.7889731665 ],
						[ 5.8549924853, 51.7889745319 ],
						[ 5.8549938214, 51.7889752056 ],
						[ 5.8549965228, 51.7889765172 ],
						[ 5.8549979025, 51.788977155 ],
						[ 5.855000691, 51.7889784126 ],
						[ 5.8550020998, 51.7889790235 ],
						[ 5.8550049609, 51.7889802093 ],
						[ 5.8550064132, 51.7889807842 ],
						[ 5.855009347, 51.7889819071 ],
						[ 5.8550123388, 51.7889829851 ],
						[ 5.8550153597, 51.7889840091 ],
						[ 5.8550184386, 51.7889849883 ],
						[ 5.8550199781, 51.7889854554 ],
						[ 5.8550231152, 51.7889863537 ],
						[ 5.8550262813, 51.7889872071 ],
						[ 5.8550294619, 51.7889879887 ],
						[ 5.8550326716, 51.7889887253 ],
						[ 5.8550359103, 51.788989399 ],
						[ 5.8550391636, 51.7889900189 ],
						[ 5.8550408047, 51.7889903153 ],
						[ 5.8550424459, 51.7889905938 ],
						[ 5.8550457427, 51.7889911148 ],
						[ 5.8550490686, 51.7889915819 ],
						[ 5.8550524089, 51.7889920041 ],
						[ 5.8550540791, 51.7889921928 ],
						[ 5.8550574195, 51.7889925431 ],
						[ 5.8550607744, 51.7889928486 ],
						[ 5.8550641293, 51.7889931091 ],
						[ 5.8550674988, 51.7889933247 ],
						[ 5.8550725384, 51.7889935762 ],
						[ 5.8550742231, 51.7889936391 ],
						[ 5.855077578, 51.7889937379 ],
						[ 5.855080933, 51.7889938008 ],
						[ 5.8550842879, 51.7889938277 ],
						[ 5.8550892985, 51.7889938097 ],
						[ 5.8550942945, 51.7889937199 ],
						[ 5.8550992906, 51.7889935672 ],
						[ 5.8551026164, 51.7889934325 ],
						[ 5.8551076125, 51.7889931719 ],
						[ 5.8551109238, 51.7889929743 ],
						[ 5.8551142207, 51.7889927408 ],
						[ 5.8551175029, 51.7889924892 ],
						[ 5.8551224119, 51.788992058 ],
						[ 5.8551272917, 51.7889915729 ],
						[ 5.8551305305, 51.7889912136 ],
						[ 5.8551353668, 51.7889906387 ],
						[ 5.8551401595, 51.7889900009 ],
						[ 5.8551433401, 51.7889895517 ],
						[ 5.8551480748, 51.7889888331 ],
						[ 5.8551511973, 51.788988321 ],
						[ 5.8551558593, 51.7889875126 ],
						[ 5.8551604778, 51.7889866502 ],
						[ 5.8551635277, 51.7889860483 ],
						[ 5.8551665631, 51.7889854195 ],
						[ 5.8551696421, 51.7889847547 ],
						[ 5.8551727356, 51.788984054 ],
						[ 5.855177354, 51.7889829581 ],
						[ 5.855178879, 51.7889825808 ],
						[ 5.8551834393, 51.788981386 ],
						[ 5.8551849352, 51.7889809728 ],
						[ 5.8551879416, 51.7889801194 ],
						[ 5.8551909479, 51.7889792211 ],
						[ 5.8551924293, 51.788978754 ],
						[ 5.8551954211, 51.7889777748 ],
						[ 5.8551969171, 51.7889772628 ],
						[ 5.8551998944, 51.7889762028 ],
						[ 5.8552013758, 51.7889756548 ],
						[ 5.855204324, 51.7889745139 ],
						[ 5.8552057909, 51.788973921 ],
						[ 5.8552087246, 51.7889726904 ],
						[ 5.8552116438, 51.7889713878 ],
						[ 5.8552130962, 51.7889707141 ],
						[ 5.8552160008, 51.7889693217 ],
						[ 5.8552174532, 51.788968594 ],
						[ 5.8552203579, 51.7889670939 ],
						[ 5.8552246713, 51.7889647403 ],
						[ 5.8552327173, 51.7889602667 ],
						[ 5.8552350556, 51.788959018 ],
						[ 5.8552372922, 51.7889578592 ],
						[ 5.8552383669, 51.7889573292 ],
						[ 5.8552404438, 51.788956341 ],
						[ 5.8552423754, 51.7889555056 ],
						[ 5.8552432613, 51.7889551552 ],
						[ 5.8552448879, 51.7889545624 ],
						[ 5.8552462677, 51.7889541401 ],
						[ 5.8552468196, 51.7889540054 ],
						[ 5.8552476619, 51.7889538257 ],
						[ 5.8552481702, 51.7889537629 ],
						[ 5.8552483881, 51.7889538257 ],
						[ 5.855248969, 51.7889540323 ],
						[ 5.8552497678, 51.7889543827 ],
						[ 5.8552507845, 51.7889549127 ],
						[ 5.8552513799, 51.7889552541 ],
						[ 5.855252019, 51.7889556493 ],
						[ 5.8552526725, 51.7889560805 ],
						[ 5.8552533261, 51.7889565386 ],
						[ 5.8552546767, 51.7889575448 ],
						[ 5.8552567245, 51.7889592516 ],
						[ 5.8552581043, 51.7889605092 ],
						[ 5.8552594985, 51.7889618477 ],
						[ 5.8552608928, 51.788963267 ],
						[ 5.8552623015, 51.7889647493 ],
						[ 5.85526509, 51.7889678754 ],
						[ 5.8552676897, 51.7889709836 ],
						[ 5.8552561291, 51.7889757806 ],
						[ 5.8552429854, 51.788981413 ],
						[ 5.8552084051, 51.7889968101 ],
						[ 5.8551911367, 51.7890045626 ],
						[ 5.8551758726, 51.7890113089 ],
						[ 5.8551743767, 51.7890120186 ],
						[ 5.8551729244, 51.7890127732 ],
						[ 5.8551716753, 51.7890134649 ],
						[ 5.8551502097, 51.7890166449 ],
						[ 5.8551079901, 51.7890204358 ],
						[ 5.8550623575, 51.7890214868 ],
						[ 5.855015592, 51.7890185763 ],
						[ 5.8549660526, 51.7890121264 ],
						[ 5.854902135, 51.7890014454 ],
						[ 5.8547630296, 51.7889768496 ]
					],
					[
						[ 5.8548375929, 51.7889390485 ],
						[ 5.8548230985, 51.7889391113 ],
						[ 5.8548231857, 51.7889480945 ],
						[ 5.85483768, 51.7889480406 ],
						[ 5.8548375929, 51.7889390485 ]
					]
				]
			},
			"properties" : {
				"object_name" : "Gras",
				"object_height" : 1,
				"tree_crown_diameter" : null
			}
		},
		{
			"type" : "Feature",
			"geometry" : {
				"type" : "Polygon",
				"coordinates" : [
					[
						[ 5.8550394395, 51.7893219733 ],
						[ 5.855005048, 51.789318946 ],
						[ 5.8550123969, 51.7892893465 ],
						[ 5.8550257149, 51.7892409722 ],
						[ 5.8549417695, 51.7892332108 ],
						[ 5.8549371801, 51.7892306057 ],
						[ 5.8549844102, 51.7892217123 ],
						[ 5.855014038, 51.7892173825 ],
						[ 5.85503074, 51.7892181281 ],
						[ 5.8550505935, 51.789228818 ],
						[ 5.8550651605, 51.7892387444 ],
						[ 5.8550703889, 51.789249102 ],
						[ 5.8550775054, 51.7892766892 ],
						[ 5.8550927405, 51.789283202 ],
						[ 5.8550987387, 51.7892978356 ],
						[ 5.8550456991, 51.7892929487 ],
						[ 5.8550394395, 51.7893219733 ]
					]
				]
			},
			"properties" : {
				"object_name" : "Heesters",
				"object_height" : 0.5,
				"tree_crown_diameter" : null
			}
		},
		{
			"type" : "Feature",
			"geometry" : {
				"type" : "Polygon",
				"coordinates" : [
					[
						[ 5.854927217, 51.7892623252 ],
						[ 5.8548662041, 51.7892571419 ],
						[ 5.8548703723, 51.789252821 ],
						[ 5.8548768207, 51.7892490481 ],
						[ 5.8548855347, 51.7892453201 ],
						[ 5.8548981265, 51.7892439995 ],
						[ 5.8549054173, 51.7892435594 ],
						[ 5.8549133326, 51.7892419334 ],
						[ 5.8549244866, 51.7892374239 ],
						[ 5.8549317192, 51.7892410351 ],
						[ 5.854927217, 51.7892623252 ]
					]
				]
			},
			"properties" : {
				"object_name" : "Heesters",
				"object_height" : 0.5,
				"tree_crown_diameter" : null
			}
		},
		{
			"type" : "Feature",
			"geometry" : {
				"type" : "Polygon",
				"coordinates" : [
					[
						[ 5.8558240242, 51.7890623243 ],
						[ 5.8558236466, 51.7890611385 ],
						[ 5.8558307486, 51.7890602581 ],
						[ 5.8558311552, 51.7890615517 ],
						[ 5.8558313586, 51.7890623512 ],
						[ 5.8558324623, 51.7890675255 ],
						[ 5.855833479, 51.789072601 ],
						[ 5.8558346263, 51.7890775327 ],
						[ 5.8558361803, 51.7890823567 ],
						[ 5.8558369936, 51.789084324 ],
						[ 5.8558411038, 51.7890911961 ],
						[ 5.855847465, 51.7890971609 ],
						[ 5.8558491352, 51.789098212 ],
						[ 5.8558551189, 51.7891012752 ],
						[ 5.8558584447, 51.7891028293 ],
						[ 5.8558539715, 51.7891063687 ],
						[ 5.8558506166, 51.7891047966 ],
						[ 5.8558442408, 51.7891015357 ],
						[ 5.8558418009, 51.7890999996 ],
						[ 5.8558345973, 51.7890932443 ],
						[ 5.855830066, 51.7890856715 ],
						[ 5.8558291074, 51.7890833538 ],
						[ 5.8558274808, 51.7890782873 ],
						[ 5.8558262899, 51.7890732029 ],
						[ 5.8558252878, 51.7890680914 ],
						[ 5.855824184, 51.78906298 ],
						[ 5.8558240242, 51.7890623243 ]
					]
				]
			},
			"properties" : {
				"object_name" : "Gras",
				"object_height" : 1,
				"tree_crown_diameter" : null
			}
		},
		{
			"type" : "Feature",
			"geometry" : {
				"type" : "Polygon",
				"coordinates" : [
					[
						[ 5.854632769, 51.7889642821 ],
						[ 5.85463091, 51.7889633928 ],
						[ 5.8546255653, 51.7889624855 ],
						[ 5.8546164446, 51.788961677 ],
						[ 5.8546058571, 51.7889608506 ],
						[ 5.8545999751, 51.788960105 ],
						[ 5.8545945869, 51.7889593863 ],
						[ 5.8545879932, 51.7889581736 ],
						[ 5.8545815448, 51.788956871 ],
						[ 5.8545756048, 51.7889554876 ],
						[ 5.8545694178, 51.7889538437 ],
						[ 5.8545606166, 51.7889512835 ],
						[ 5.8545519751, 51.7889484897 ],
						[ 5.8545399207, 51.7889439892 ],
						[ 5.8545272853, 51.7889389317 ],
						[ 5.8545189489, 51.7889353833 ],
						[ 5.8545067492, 51.7889301192 ],
						[ 5.8544950869, 51.7889252054 ],
						[ 5.8544828, 51.7889203365 ],
						[ 5.8544749574, 51.7889175607 ],
						[ 5.8544617556, 51.7889132578 ],
						[ 5.8544433689, 51.7889084608 ],
						[ 5.854402471, 51.7888990016 ],
						[ 5.8543844909, 51.7888935757 ],
						[ 5.8543737872, 51.788889677 ],
						[ 5.8543608613, 51.7888839727 ],
						[ 5.8543467446, 51.7888762472 ],
						[ 5.8543328021, 51.7888668419 ],
						[ 5.8543228971, 51.7888594487 ],
						[ 5.8543145171, 51.7888521993 ],
						[ 5.8543074732, 51.7888449769 ],
						[ 5.854301475, 51.7888379161 ],
						[ 5.8543107119, 51.7888239293 ],
						[ 5.8543161582, 51.788833191 ],
						[ 5.8543201376, 51.7888404494 ],
						[ 5.8543249594, 51.7888457494 ],
						[ 5.8543297812, 51.7888501781 ],
						[ 5.8543354744, 51.7888548763 ],
						[ 5.8543419954, 51.788859862 ],
						[ 5.8543488359, 51.7888646859 ],
						[ 5.8543549067, 51.7888686295 ],
						[ 5.8543623427, 51.7888730223 ],
						[ 5.8543693575, 51.7888767323 ],
						[ 5.8543775342, 51.7888805232 ],
						[ 5.8543855512, 51.7888837122 ],
						[ 5.8543946428, 51.7888867665 ],
						[ 5.8544007572, 51.7888885721 ],
						[ 5.8544094422, 51.7888908898 ],
						[ 5.8544234428, 51.7888942674 ],
						[ 5.8544384164, 51.78889769 ],
						[ 5.8544485683, 51.7889000616 ],
						[ 5.8544615668, 51.7889033494 ],
						[ 5.854470092, 51.7889057659 ],
						[ 5.8544792563, 51.7889086674 ],
						[ 5.8544909622, 51.7889128626 ],
						[ 5.8545005331, 51.7889166355 ],
						[ 5.8545104526, 51.7889207767 ],
						[ 5.8545373355, 51.788932383 ],
						[ 5.8545476617, 51.7889364703 ],
						[ 5.8545581476, 51.788940342 ],
						[ 5.8545671521, 51.7889433065 ],
						[ 5.8545776816, 51.7889463338 ],
						[ 5.8545902298, 51.7889492443 ],
						[ 5.8545990456, 51.788950511 ],
						[ 5.8546094443, 51.7889518854 ],
						[ 5.8546194219, 51.7889528735 ],
						[ 5.8546284555, 51.7889535113 ],
						[ 5.8546391302, 51.7889539964 ],
						[ 5.8546475829, 51.7889545444 ],
						[ 5.8546524337, 51.7889561344 ],
						[ 5.8546556288, 51.788958488 ],
						[ 5.8546570521, 51.7889640396 ],
						[ 5.854655382, 51.7889640935 ],
						[ 5.854642093, 51.7889642821 ],
						[ 5.8546401904, 51.788964345 ],
						[ 5.8546383024, 51.7889644438 ],
						[ 5.8546364144, 51.7889645696 ],
						[ 5.8546345408, 51.7889647403 ],
						[ 5.854633074, 51.7889649109 ],
						[ 5.854632769, 51.7889642821 ]
					]
				]
			},
			"properties" : {
				"object_name" : "Gras",
				"object_height" : 1,
				"tree_crown_diameter" : null
			}
		},
		{
			"type" : "Feature",
			"geometry" : {
				"type" : "Polygon",
				"coordinates" : [
					[
						[ 5.8555403235, 51.7891821775 ],
						[ 5.855423773, 51.7891476642 ],
						[ 5.8554164677, 51.789144601 ],
						[ 5.8554096272, 51.7891411604 ],
						[ 5.8554032659, 51.7891373695 ],
						[ 5.8553974711, 51.7891332552 ],
						[ 5.8553922572, 51.7891288535 ],
						[ 5.8553876678, 51.7891241822 ],
						[ 5.8553837319, 51.7891192864 ],
						[ 5.8553804932, 51.789114202 ],
						[ 5.8553779807, 51.7891089648 ],
						[ 5.8553761798, 51.7891036108 ],
						[ 5.8553751341, 51.789098185 ],
						[ 5.8553748436, 51.7890927232 ],
						[ 5.8553753083, 51.7890872615 ],
						[ 5.8553765138, 51.7890818536 ],
						[ 5.8553784745, 51.7890765176 ],
						[ 5.8554168163, 51.7890242626 ],
						[ 5.8554216236, 51.7890196453 ],
						[ 5.8554269246, 51.7890154052 ],
						[ 5.8554291031, 51.789013932 ],
						[ 5.8554329809, 51.7890113359 ],
						[ 5.8554349125, 51.7890102399 ],
						[ 5.8554393421, 51.7890077336 ],
						[ 5.8554424502, 51.7890062424 ],
						[ 5.855446386, 51.7890043739 ],
						[ 5.8554498426, 51.7890029905 ],
						[ 5.8554536332, 51.7890014993 ],
						[ 5.8554575255, 51.7890002058 ],
						[ 5.8554615339, 51.7889989122 ],
						[ 5.8554650341, 51.7889979779 ],
						[ 5.8554695799, 51.7889968101 ],
						[ 5.8554736465, 51.7889959747 ],
						[ 5.8554778873, 51.7889951393 ],
						[ 5.8554818667, 51.7889945374 ],
						[ 5.8554865578, 51.7889938906 ],
						[ 5.8554902322, 51.7889935403 ],
						[ 5.8554952283, 51.788993118 ],
						[ 5.8554992077, 51.7889929474 ],
						[ 5.8555039278, 51.7889928036 ],
						[ 5.8555087496, 51.7889928575 ],
						[ 5.8555122933, 51.7889929294 ],
						[ 5.855518277, 51.7889933067 ],
						[ 5.8555204991, 51.7889934594 ],
						[ 5.8555288355, 51.7889944296 ],
						[ 5.8556518199, 51.7890298771 ],
						[ 5.8556452844, 51.7890378991 ],
						[ 5.8555241444, 51.7890029905 ],
						[ 5.8555169118, 51.789002218 ],
						[ 5.855509621, 51.7890018227 ],
						[ 5.8555022867, 51.7890017958 ],
						[ 5.8554949959, 51.7890021551 ],
						[ 5.8554877633, 51.7890028827 ],
						[ 5.8554806468, 51.7890039787 ],
						[ 5.8554737046, 51.7890054339 ],
						[ 5.8554669948, 51.7890072485 ],
						[ 5.8554605318, 51.7890093955 ],
						[ 5.8554543884, 51.7890118659 ],
						[ 5.8554485936, 51.7890146417 ],
						[ 5.8554431909, 51.7890177139 ],
						[ 5.8554382093, 51.7890210467 ],
						[ 5.8554336925, 51.789024622 ],
						[ 5.8554296695, 51.7890284218 ],
						[ 5.85539217, 51.7890795629 ],
						[ 5.8553906015, 51.7890840725 ],
						[ 5.8553896575, 51.7890886539 ],
						[ 5.855389338, 51.7890932712 ],
						[ 5.855389643, 51.7890978886 ],
						[ 5.8553905725, 51.78910247 ],
						[ 5.8553921265, 51.7891069885 ],
						[ 5.8553942759, 51.7891114082 ],
						[ 5.8553970354, 51.7891157022 ],
						[ 5.8554003467, 51.7891198434 ],
						[ 5.8554042245, 51.789123787 ],
						[ 5.8554086251, 51.789127515 ],
						[ 5.855413505, 51.7891310005 ],
						[ 5.8554188496, 51.7891342254 ],
						[ 5.8554246009, 51.7891371539 ],
						[ 5.8554307443, 51.789139768 ],
						[ 5.8555469753, 51.7891741915 ],
						[ 5.8555403235, 51.7891821775 ]
					]
				]
			},
			"properties" : {
				"object_name" : "Gras",
				"object_height" : 1,
				"tree_crown_diameter" : null
			}
		},
		{
			"type" : "Feature",
			"geometry" : {
				"type" : "Polygon",
				"coordinates" : [
					[
						[ 5.8549280158, 51.7892254044 ],
						[ 5.8550660029, 51.7891799676 ],
						[ 5.8551169365, 51.7892839746 ],
						[ 5.8551134364, 51.789299192 ],
						[ 5.8550987387, 51.7892978356 ],
						[ 5.8550927405, 51.789283202 ],
						[ 5.8550775054, 51.7892766892 ],
						[ 5.8550703889, 51.789249102 ],
						[ 5.8550651605, 51.7892387444 ],
						[ 5.8550505935, 51.789228818 ],
						[ 5.85503074, 51.7892181281 ],
						[ 5.855014038, 51.7892173825 ],
						[ 5.8549844102, 51.7892217123 ],
						[ 5.8549371801, 51.7892306057 ],
						[ 5.8549280158, 51.7892254044 ]
					]
				]
			},
			"properties" : {
				"object_name" : "Bloemrijk Gras",
				"object_height" : 1,
				"tree_crown_diameter" : null
			}
		},
		{
			"type" : "Feature",
			"geometry" : {
				"type" : "Polygon",
				"coordinates" : [
					[
						[ 5.8556955354, 51.7892525785 ],
						[ 5.855695913, 51.7892510244 ],
						[ 5.8557001248, 51.7892460387 ],
						[ 5.8557102477, 51.7892459399 ],
						[ 5.8557215614, 51.7892454458 ],
						[ 5.8557331076, 51.7892445385 ],
						[ 5.8557445375, 51.789243209 ],
						[ 5.8557555027, 51.7892414393 ],
						[ 5.8557656546, 51.7892392115 ],
						[ 5.8557746736, 51.7892365256 ],
						[ 5.8557821967, 51.7892333545 ],
						[ 5.8557878754, 51.7892296894 ],
						[ 5.8557913465, 51.7892255841 ],
						[ 5.8557994796, 51.7892329952 ],
						[ 5.855804345, 51.7892384929 ],
						[ 5.8558071189, 51.789243748 ],
						[ 5.8558074385, 51.7892483294 ],
						[ 5.8558063928, 51.7892534588 ],
						[ 5.8558054488, 51.7892563154 ],
						[ 5.855803735, 51.7892620018 ],
						[ 5.8556955354, 51.7892525785 ]
					]
				]
			},
			"properties" : {
				"object_name" : "Heesters",
				"object_height" : 0.5,
				"tree_crown_diameter" : null
			}
		},
		{
			"type" : "Feature",
			"geometry" : {
				"type" : "Polygon",
				"coordinates" : [
					[
						[ 5.8547763331, 51.7888878984 ],
						[ 5.8547814744, 51.7888786996 ],
						[ 5.85478374, 51.7888786278 ],
						[ 5.8547943276, 51.7888784301 ],
						[ 5.8548049878, 51.7888784751 ],
						[ 5.8548156625, 51.7888787805 ],
						[ 5.8548262937, 51.7888793644 ],
						[ 5.8548368522, 51.7888802627 ],
						[ 5.85484728, 51.7888814844 ],
						[ 5.8548575336, 51.7888830565 ],
						[ 5.8548675402, 51.7888850058 ],
						[ 5.8548772854, 51.7888873324 ],
						[ 5.8548866821, 51.7888900813 ],
						[ 5.8548893108, 51.7888909437 ],
						[ 5.8549043426, 51.7888968456 ],
						[ 5.8549126064, 51.7889008072 ],
						[ 5.8549205072, 51.7889051011 ],
						[ 5.8549280303, 51.7889096825 ],
						[ 5.8549352194, 51.7889145155 ],
						[ 5.8549420744, 51.788919564 ],
						[ 5.8549485955, 51.7889247742 ],
						[ 5.8549578614, 51.7889329219 ],
						[ 5.8549606935, 51.788935563 ],
						[ 5.8549663867, 51.7889410427 ],
						[ 5.8549720944, 51.7889464685 ],
						[ 5.8549780199, 51.7889517686 ],
						[ 5.8549843667, 51.788956871 ],
						[ 5.8549871261, 51.7889588653 ],
						[ 5.8549990063, 51.7889661776 ],
						[ 5.8550072556, 51.7889702649 ],
						[ 5.8550160423, 51.7889739121 ],
						[ 5.8550333542, 51.788979284 ],
						[ 5.8550348792, 51.7889796523 ],
						[ 5.8550447987, 51.7889816735 ],
						[ 5.8550549505, 51.7889831557 ],
						[ 5.8550653057, 51.7889841439 ],
						[ 5.8550758207, 51.7889846918 ],
						[ 5.8550864083, 51.7889848356 ],
						[ 5.8550970394, 51.7889846469 ],
						[ 5.8550982013, 51.788984602 ],
						[ 5.8551182146, 51.7889833534 ],
						[ 5.8551286715, 51.7889822844 ],
						[ 5.8551389831, 51.7889809549 ],
						[ 5.8551491205, 51.7889793559 ],
						[ 5.8551590109, 51.7889775053 ],
						[ 5.8551686399, 51.7889754123 ],
						[ 5.8551698309, 51.7889751248 ],
						[ 5.8551870702, 51.7889703458 ],
						[ 5.8551960457, 51.7889671298 ],
						[ 5.8552049921, 51.7889632491 ],
						[ 5.8552090006, 51.7889612728 ],
						[ 5.8552230738, 51.7889535652 ],
						[ 5.8552320638, 51.7889490108 ],
						[ 5.855240865, 51.7889458038 ],
						[ 5.8552493466, 51.7889447977 ],
						[ 5.8552508571, 51.7889449234 ],
						[ 5.8552648431, 51.7889510679 ],
						[ 5.85527713, 51.7889627999 ],
						[ 5.8552775802, 51.788963303 ],
						[ 5.8552798894, 51.7889661327 ],
						[ 5.8552694035, 51.7889702649 ],
						[ 5.8552676897, 51.7889709746 ],
						[ 5.8552676897, 51.7889709836 ],
						[ 5.85526509, 51.7889678754 ],
						[ 5.8552623015, 51.7889647493 ],
						[ 5.8552608928, 51.788963267 ],
						[ 5.8552594985, 51.7889618477 ],
						[ 5.8552581043, 51.7889605092 ],
						[ 5.8552567245, 51.7889592516 ],
						[ 5.8552546767, 51.7889575448 ],
						[ 5.8552533261, 51.7889565386 ],
						[ 5.8552526725, 51.7889560805 ],
						[ 5.855252019, 51.7889556493 ],
						[ 5.8552513799, 51.7889552541 ],
						[ 5.8552507845, 51.7889549127 ],
						[ 5.8552497678, 51.7889543827 ],
						[ 5.855248969, 51.7889540323 ],
						[ 5.8552483881, 51.7889538257 ],
						[ 5.8552481702, 51.7889537629 ],
						[ 5.8552476619, 51.7889538257 ],
						[ 5.8552468196, 51.7889540054 ],
						[ 5.8552462677, 51.7889541401 ],
						[ 5.8552448879, 51.7889545624 ],
						[ 5.8552432613, 51.7889551552 ],
						[ 5.8552423754, 51.7889555056 ],
						[ 5.8552404438, 51.788956341 ],
						[ 5.8552383669, 51.7889573292 ],
						[ 5.8552372922, 51.7889578592 ],
						[ 5.8552350556, 51.788959018 ],
						[ 5.8552327173, 51.7889602667 ],
						[ 5.8552246713, 51.7889647403 ],
						[ 5.8552203579, 51.7889670939 ],
						[ 5.8552174532, 51.788968594 ],
						[ 5.8552160008, 51.7889693217 ],
						[ 5.8552130962, 51.7889707141 ],
						[ 5.8552116438, 51.7889713878 ],
						[ 5.8552087246, 51.7889726904 ],
						[ 5.8552057909, 51.788973921 ],
						[ 5.855204324, 51.7889745139 ],
						[ 5.8552013758, 51.7889756548 ],
						[ 5.8551998944, 51.7889762028 ],
						[ 5.8551969171, 51.7889772628 ],
						[ 5.8551954211, 51.7889777748 ],
						[ 5.8551924293, 51.788978754 ],
						[ 5.8551909479, 51.7889792211 ],
						[ 5.8551879416, 51.7889801194 ],
						[ 5.8551849352, 51.7889809728 ],
						[ 5.8551834393, 51.788981386 ],
						[ 5.855178879, 51.7889825808 ],
						[ 5.855177354, 51.7889829581 ],
						[ 5.8551727356, 51.788984054 ],
						[ 5.8551696421, 51.7889847547 ],
						[ 5.8551665631, 51.7889854195 ],
						[ 5.8551635277, 51.7889860483 ],
						[ 5.8551604778, 51.7889866502 ],
						[ 5.8551558593, 51.7889875126 ],
						[ 5.8551511973, 51.788988321 ],
						[ 5.8551480748, 51.7889888331 ],
						[ 5.8551433401, 51.7889895517 ],
						[ 5.8551401595, 51.7889900009 ],
						[ 5.8551353668, 51.7889906387 ],
						[ 5.8551305305, 51.7889912136 ],
						[ 5.8551272917, 51.7889915729 ],
						[ 5.8551224119, 51.788992058 ],
						[ 5.8551175029, 51.7889924892 ],
						[ 5.8551142207, 51.7889927408 ],
						[ 5.8551109238, 51.7889929743 ],
						[ 5.8551076125, 51.7889931719 ],
						[ 5.8551026164, 51.7889934325 ],
						[ 5.8550992906, 51.7889935672 ],
						[ 5.8550950352, 51.788993693 ],
						[ 5.8550935538, 51.7889937289 ],
						[ 5.8550892985, 51.7889938097 ],
						[ 5.8550849995, 51.7889938277 ],
						[ 5.8550834455, 51.7889938187 ],
						[ 5.8550817898, 51.7889938097 ],
						[ 5.8550800761, 51.7889937828 ],
						[ 5.8550784494, 51.7889937559 ],
						[ 5.8550767066, 51.7889937109 ],
						[ 5.85507508, 51.788993666 ],
						[ 5.8550725384, 51.7889935762 ],
						[ 5.8550674988, 51.7889933247 ],
						[ 5.8550641293, 51.7889931091 ],
						[ 5.8550607744, 51.7889928486 ],
						[ 5.8550574195, 51.7889925431 ],
						[ 5.8550524089, 51.7889920041 ],
						[ 5.8550490686, 51.7889915819 ],
						[ 5.8550457427, 51.7889911148 ],
						[ 5.8550424459, 51.7889905938 ],
						[ 5.8550391636, 51.7889900189 ],
						[ 5.8550359103, 51.788989399 ],
						[ 5.8550326716, 51.7889887253 ],
						[ 5.8550302026, 51.7889881593 ],
						[ 5.8550286631, 51.788987791 ],
						[ 5.8550262813, 51.7889872071 ],
						[ 5.8550231152, 51.7889863537 ],
						[ 5.8550199781, 51.7889854554 ],
						[ 5.8550184386, 51.7889849883 ],
						[ 5.8550153597, 51.7889840091 ],
						[ 5.8550123388, 51.7889829851 ],
						[ 5.855009347, 51.7889819071 ],
						[ 5.8550073282, 51.7889811345 ],
						[ 5.8550049609, 51.7889802093 ],
						[ 5.8550020998, 51.7889790235 ],
						[ 5.855000691, 51.7889784126 ],
						[ 5.8549965228, 51.7889765172 ],
						[ 5.8549938214, 51.7889752056 ],
						[ 5.8549924853, 51.7889745319 ],
						[ 5.8549898711, 51.7889731665 ],
						[ 5.8549885785, 51.7889724658 ],
						[ 5.8549860514, 51.7889710464 ],
						[ 5.8549848024, 51.7889703188 ],
						[ 5.8549823624, 51.7889688456 ],
						[ 5.8549805906, 51.7889677227 ],
						[ 5.8549794142, 51.7889669591 ],
						[ 5.8549782959, 51.7889662135 ],
						[ 5.8549769162, 51.7889652703 ],
						[ 5.8549754783, 51.7889642731 ],
						[ 5.8549740405, 51.7889632131 ],
						[ 5.8549722977, 51.7889619196 ],
						[ 5.8549702499, 51.7889603206 ],
						[ 5.8549682457, 51.7889586946 ],
						[ 5.8549662995, 51.7889570597 ],
						[ 5.854964397, 51.7889554158 ],
						[ 5.8549607516, 51.7889521189 ],
						[ 5.8549572514, 51.7889488311 ],
						[ 5.8549502366, 51.7889420848 ],
						[ 5.8549471141, 51.7889391203 ],
						[ 5.8549456036, 51.78893771 ],
						[ 5.8549416968, 51.7889341886 ],
						[ 5.8549384436, 51.7889313768 ],
						[ 5.8549367734, 51.7889299844 ],
						[ 5.8549350887, 51.788928601 ],
						[ 5.8549345949, 51.7889282148 ],
						[ 5.8549342318, 51.7889279093 ],
						[ 5.854932518, 51.7889265439 ],
						[ 5.8549307752, 51.7889251874 ],
						[ 5.8549281174, 51.7889231842 ],
						[ 5.8549276382, 51.7889228339 ],
						[ 5.854927217, 51.7889225194 ],
						[ 5.8549254161, 51.7889212169 ],
						[ 5.8549235861, 51.7889199233 ],
						[ 5.8549226711, 51.7889192855 ],
						[ 5.8549198826, 51.7889173991 ],
						[ 5.8549170506, 51.7889155575 ],
						[ 5.854916092, 51.7889149556 ],
						[ 5.8549131873, 51.788913177 ],
						[ 5.8549112267, 51.7889120181 ],
						[ 5.8549105586, 51.7889116409 ],
						[ 5.8549102391, 51.7889114522 ],
						[ 5.8549082494, 51.7889103293 ],
						[ 5.8549072473, 51.7889097813 ],
						[ 5.8549052285, 51.7889086944 ],
						[ 5.8549031807, 51.7889076344 ],
						[ 5.8549011184, 51.7889066013 ],
						[ 5.8548990415, 51.7889055952 ],
						[ 5.8548985042, 51.7889053437 ],
						[ 5.8548979958, 51.7889051011 ],
						[ 5.8548973278, 51.7889047957 ],
						[ 5.8548969356, 51.788904616 ],
						[ 5.8548964854, 51.7889044184 ],
						[ 5.8548958754, 51.7889041399 ],
						[ 5.8548950912, 51.7889037986 ],
						[ 5.854893755, 51.7889032057 ],
						[ 5.8548926803, 51.7889027475 ],
						[ 5.8548894415, 51.788901427 ],
						[ 5.8548883668, 51.7889010048 ],
						[ 5.8548861738, 51.7889001783 ],
						[ 5.8548828479, 51.7888990016 ],
						[ 5.8548805968, 51.788898247 ],
						[ 5.8548771547, 51.788897169 ],
						[ 5.8548736546, 51.7888961629 ],
						[ 5.8548712727, 51.7888955161 ],
						[ 5.8548676709, 51.7888946088 ],
						[ 5.854865231, 51.7888940339 ],
						[ 5.854862762, 51.7888934859 ],
						[ 5.8548602785, 51.7888929649 ],
						[ 5.8548577659, 51.7888924708 ],
						[ 5.8548569381, 51.7888923181 ],
						[ 5.8548564879, 51.7888922283 ],
						[ 5.8548560522, 51.7888921474 ],
						[ 5.8548552243, 51.7888919947 ],
						[ 5.8548546434, 51.7888918959 ],
						[ 5.8548539463, 51.7888917701 ],
						[ 5.8548513756, 51.7888913389 ],
						[ 5.8548487759, 51.7888909257 ],
						[ 5.8548482095, 51.7888908449 ],
						[ 5.8548474834, 51.7888907281 ],
						[ 5.8548467427, 51.7888906293 ],
						[ 5.8548461617, 51.7888905394 ],
						[ 5.8548449853, 51.7888903867 ],
						[ 5.854843533, 51.7888901801 ],
						[ 5.8548428649, 51.7888900993 ],
						[ 5.8548422113, 51.7888900094 ],
						[ 5.8548395536, 51.788889686 ],
						[ 5.8548368812, 51.7888893806 ],
						[ 5.8548361551, 51.7888893087 ],
						[ 5.8548355306, 51.7888892369 ],
						[ 5.8548341799, 51.7888891021 ],
						[ 5.8548328292, 51.7888889674 ],
						[ 5.8548322047, 51.7888889135 ],
						[ 5.8548314785, 51.7888888416 ],
						[ 5.8548287481, 51.788888608 ],
						[ 5.8548260177, 51.7888883925 ],
						[ 5.8548253496, 51.7888883475 ],
						[ 5.8548246525, 51.7888882936 ],
						[ 5.8548219076, 51.788888114 ],
						[ 5.8548191481, 51.7888879613 ],
						[ 5.8548180153, 51.7888879074 ],
						[ 5.8548163887, 51.7888878175 ],
						[ 5.8548149944, 51.7888877546 ],
						[ 5.8548108407, 51.7888876019 ],
						[ 5.854806658, 51.7888874941 ],
						[ 5.854801081, 51.7888874133 ],
						[ 5.8548002386, 51.7888874133 ],
						[ 5.8547996867, 51.7888874043 ],
						[ 5.8547968982, 51.7888874043 ],
						[ 5.8547927155, 51.7888874313 ],
						[ 5.854787153, 51.7888875301 ],
						[ 5.8547857733, 51.788887566 ],
						[ 5.8547804287, 51.7888877367 ],
						[ 5.8547763331, 51.7888878984 ]
					]
				]
			},
			"properties" : {
				"object_name" : "Gras",
				"object_height" : 1,
				"tree_crown_diameter" : null
			}
		},
		{
			"type" : "Feature",
			"geometry" : {
				"type" : "Polygon",
				"coordinates" : [
					[
						[ 5.8538774199, 51.7888972768 ],
						[ 5.8538710296, 51.7889156743 ],
						[ 5.8537269717, 51.788875816 ],
						[ 5.8537436446, 51.7888775498 ],
						[ 5.8538774199, 51.7888972768 ]
					]
				]
			},
			"properties" : {
				"object_name" : "Bloemrijk Gras",
				"object_height" : 1,
				"tree_crown_diameter" : null
			}
		},
		{
			"type" : "Feature",
			"geometry" : {
				"type" : "Polygon",
				"coordinates" : [
					[
						[ 5.8555469753, 51.7891741915 ],
						[ 5.8556468093, 51.789203755 ],
						[ 5.8556538532, 51.7892055516 ],
						[ 5.8556611149, 51.78920698 ],
						[ 5.8556685364, 51.789208022 ],
						[ 5.855676074, 51.7892086688 ],
						[ 5.8556836843, 51.7892089203 ],
						[ 5.8556912946, 51.7892087676 ],
						[ 5.8556988613, 51.7892082196 ],
						[ 5.8557063118, 51.7892072674 ],
						[ 5.8557136171, 51.7892059379 ],
						[ 5.8557207191, 51.7892042221 ],
						[ 5.8557275451, 51.789202147 ],
						[ 5.8557340806, 51.7891997126 ],
						[ 5.8557402531, 51.7891969548 ],
						[ 5.8557460334, 51.7891938735 ],
						[ 5.8557513635, 51.7891905049 ],
						[ 5.8557562143, 51.7891868667 ],
						[ 5.8557955147, 51.7891367497 ],
						[ 5.8557974463, 51.7891330127 ],
						[ 5.8557976497, 51.7891325096 ],
						[ 5.8557977949, 51.7891322132 ],
						[ 5.8557980854, 51.7891314137 ],
						[ 5.8557989568, 51.7891292038 ],
						[ 5.8557992472, 51.7891281618 ],
						[ 5.8557994506, 51.7891275779 ],
						[ 5.8557996249, 51.7891267424 ],
						[ 5.855800017, 51.7891253321 ],
						[ 5.8558002639, 51.789123778 ],
						[ 5.8558004672, 51.7891228707 ],
						[ 5.8558005108, 51.7891223227 ],
						[ 5.855800656, 51.7891214244 ],
						[ 5.8558007577, 51.789118981 ],
						[ 5.8558008303, 51.7891181186 ],
						[ 5.8558008158, 51.7891178581 ],
						[ 5.8558008303, 51.7891174988 ],
						[ 5.855800656, 51.7891151542 ],
						[ 5.8558005398, 51.7891133755 ],
						[ 5.8558004963, 51.789113142 ],
						[ 5.8558004672, 51.7891128096 ],
						[ 5.8557998718, 51.7891100607 ],
						[ 5.8557995958, 51.7891086594 ],
						[ 5.8557995377, 51.7891084977 ],
						[ 5.8557994651, 51.7891081473 ],
						[ 5.8557985646, 51.789105632 ],
						[ 5.8557980128, 51.7891040061 ],
						[ 5.8557979111, 51.7891037905 ],
						[ 5.855797824, 51.7891035569 ],
						[ 5.8557966621, 51.7891012483 ],
						[ 5.8557957907, 51.7890994606 ],
						[ 5.8557956745, 51.7890992899 ],
						[ 5.8557955728, 51.7890990743 ],
						[ 5.85579383, 51.7890963974 ],
						[ 5.8557929586, 51.7890950499 ],
						[ 5.8557928715, 51.7890949511 ],
						[ 5.8557927262, 51.7890947175 ],
						[ 5.8557908382, 51.7890924268 ],
						[ 5.8557895311, 51.7890908009 ],
						[ 5.8557893858, 51.7890906481 ],
						[ 5.8557892842, 51.7890905314 ],
						[ 5.8557872509, 51.7890885012 ],
						[ 5.8557855226, 51.7890867494 ],
						[ 5.8557854209, 51.7890866596 ],
						[ 5.8557852902, 51.7890865339 ],
						[ 5.8557822258, 51.7890839737 ],
						[ 5.8557809768, 51.7890829226 ],
						[ 5.8557809187, 51.7890828777 ],
						[ 5.8557807734, 51.7890827609 ],
						[ 5.8557770264, 51.7890801289 ],
						[ 5.8557759226, 51.7890793563 ],
						[ 5.8557758645, 51.7890793294 ],
						[ 5.8557757483, 51.7890792395 ],
						[ 5.8557732648, 51.7890777663 ],
						[ 5.8557704037, 51.7890760595 ],
						[ 5.8557644491, 51.7890730771 ],
						[ 5.8557643765, 51.7890730412 ],
						[ 5.8557581024, 51.7890704091 ],
						[ 5.8556452844, 51.7890378991 ],
						[ 5.8556518199, 51.7890298771 ],
						[ 5.8557649429, 51.789062477 ],
						[ 5.8557723789, 51.7890655402 ],
						[ 5.8557756902, 51.7890671752 ],
						[ 5.8557793502, 51.7890689808 ],
						[ 5.8557831262, 51.7890711906 ],
						[ 5.8557858131, 51.7890727717 ],
						[ 5.8557899813, 51.7890756642 ],
						[ 5.8557917241, 51.7890768859 ],
						[ 5.8557941931, 51.7890789072 ],
						[ 5.8557972575, 51.7890814763 ],
						[ 5.8557985792, 51.7890827969 ],
						[ 5.855801876, 51.7890860937 ],
						[ 5.8558036914, 51.7890882946 ],
						[ 5.8558059571, 51.7890910883 ],
						[ 5.8558071625, 51.7890929119 ],
						[ 5.8558093265, 51.7890962536 ],
						[ 5.8558103286, 51.7890982479 ],
						[ 5.8558119117, 51.7891014818 ],
						[ 5.8558128412, 51.7891040869 ],
						[ 5.8558137852, 51.7891068807 ],
						[ 5.8558143371, 51.7891094319 ],
						[ 5.8558149326, 51.7891124143 ],
						[ 5.8558151214, 51.7891149655 ],
						[ 5.8558152956, 51.7891179659 ],
						[ 5.855815223, 51.7891196188 ],
						[ 5.855814918, 51.7891231941 ],
						[ 5.855814613, 51.7891251165 ],
						[ 5.8558138869, 51.7891283145 ],
						[ 5.855813335, 51.7891303177 ],
						[ 5.855812086, 51.7891336864 ],
						[ 5.8558114034, 51.7891353663 ],
						[ 5.8558088763, 51.7891402621 ],
						[ 5.8557686464, 51.7891915649 ],
						[ 5.8557630403, 51.7891958768 ],
						[ 5.8557568679, 51.7891998833 ],
						[ 5.8557501581, 51.7892035484 ],
						[ 5.855742969, 51.7892068452 ],
						[ 5.8557353442, 51.7892097468 ],
						[ 5.8557273563, 51.7892122351 ],
						[ 5.8557190489, 51.7892142833 ],
						[ 5.8557104946, 51.7892158913 ],
						[ 5.8557017369, 51.7892170321 ],
						[ 5.8556928631, 51.7892177059 ],
						[ 5.8556839312, 51.7892179035 ],
						[ 5.8556749993, 51.789217634 ],
						[ 5.8556661545, 51.7892168884 ],
						[ 5.855657426, 51.7892156757 ],
						[ 5.8556489007, 51.7892140048 ],
						[ 5.8556406369, 51.7892118848 ],
						[ 5.8555403235, 51.7891821775 ],
						[ 5.8555469753, 51.7891741915 ]
					]
				]
			},
			"properties" : {
				"object_name" : "Gras",
				"object_height" : 1,
				"tree_crown_diameter" : null
			}
		},
		{
			"type" : "Feature",
			"geometry" : {
				"type" : "Polygon",
				"coordinates" : [
					[
						[ 5.8537329844, 51.788672168 ],
						[ 5.8537804906, 51.7886761475 ],
						[ 5.853780476, 51.7886761475 ],
						[ 5.8537752767, 51.7886813757 ],
						[ 5.8537719944, 51.7886876729 ],
						[ 5.8537715296, 51.7886890024 ],
						[ 5.8537704549, 51.7887006805 ],
						[ 5.8537730546, 51.7887103104 ],
						[ 5.8537745069, 51.7887134366 ],
						[ 5.8537782249, 51.7887195271 ],
						[ 5.8537829886, 51.7887253303 ],
						[ 5.8537936052, 51.7887344931 ],
						[ 5.8537955804, 51.7887358495 ],
						[ 5.8538034085, 51.7887402692 ],
						[ 5.8538124421, 51.7887434852 ],
						[ 5.8537633093, 51.7888190156 ],
						[ 5.8537791254, 51.7888229771 ],
						[ 5.8537761626, 51.7888275316 ],
						[ 5.8537648343, 51.7888261751 ],
						[ 5.8537006843, 51.7888187461 ],
						[ 5.8537014686, 51.7888101941 ],
						[ 5.8537016574, 51.7888050198 ],
						[ 5.853701396, 51.7887966924 ],
						[ 5.8537003503, 51.7887850503 ],
						[ 5.8536988834, 51.7887724379 ],
						[ 5.8536976634, 51.7887636973 ],
						[ 5.853695514, 51.7887512646 ],
						[ 5.8536925948, 51.7887385535 ],
						[ 5.8536894868, 51.7887282049 ],
						[ 5.8536854492, 51.7887176497 ],
						[ 5.8536819927, 51.7887096906 ],
						[ 5.8536801482, 51.788705747 ],
						[ 5.8536854783, 51.7887031688 ],
						[ 5.8536908374, 51.7887005008 ],
						[ 5.8536944247, 51.7886986593 ],
						[ 5.8536977215, 51.7886969076 ],
						[ 5.8537008005, 51.7886952187 ],
						[ 5.853704199, 51.7886932874 ],
						[ 5.8537070165, 51.7886916165 ],
						[ 5.8537088755, 51.7886904846 ],
						[ 5.8537111848, 51.7886890473 ],
						[ 5.8537130147, 51.7886878795 ],
						[ 5.8537152804, 51.7886863973 ],
						[ 5.8537193179, 51.7886836574 ],
						[ 5.8537224549, 51.7886814296 ],
						[ 5.8537247351, 51.7886797408 ],
						[ 5.8537261294, 51.7886786628 ],
						[ 5.8537270589, 51.7886779172 ],
						[ 5.8537288888, 51.7886763541 ],
						[ 5.8537297893, 51.7886755277 ],
						[ 5.8537311109, 51.7886742431 ],
						[ 5.8537323744, 51.7886728776 ],
						[ 5.8537329844, 51.788672168 ]
					],
					[
						[ 5.8537443272, 51.7887370982 ],
						[ 5.8537298328, 51.7887371611 ],
						[ 5.8537299345, 51.7887461442 ],
						[ 5.8537444289, 51.7887460903 ],
						[ 5.8537443272, 51.7887370982 ]
					]
				]
			},
			"properties" : {
				"object_name" : "Vaste Planten",
				"object_height" : 0,
				"tree_crown_diameter" : null
			}
		},
		{
			"type" : "Feature",
			"geometry" : {
				"type" : "Polygon",
				"coordinates" : [
					[
						[ 5.8545681688, 51.7892463891 ],
						[ 5.8545536744, 51.789246443 ],
						[ 5.8545537179, 51.7892509166 ],
						[ 5.8544964956, 51.7892457692 ],
						[ 5.8544788932, 51.7892441882 ],
						[ 5.8544788206, 51.7892380078 ],
						[ 5.8544643262, 51.7892380707 ],
						[ 5.8544643843, 51.7892428766 ],
						[ 5.8544061309, 51.7892376485 ],
						[ 5.8544060582, 51.7892311896 ],
						[ 5.8543915639, 51.7892312524 ],
						[ 5.8543916219, 51.7892363369 ],
						[ 5.854339904, 51.7892316926 ],
						[ 5.8543398314, 51.7892249822 ],
						[ 5.854325337, 51.7892250361 ],
						[ 5.8543253951, 51.7892303901 ],
						[ 5.8543243639, 51.7892302912 ],
						[ 5.8542774823, 51.7892260781 ],
						[ 5.8542800384, 51.7892227723 ],
						[ 5.8542875035, 51.7892159901 ],
						[ 5.8542964935, 51.7892140407 ],
						[ 5.854311046, 51.7892134658 ],
						[ 5.8543343415, 51.7892164033 ],
						[ 5.8543683554, 51.7892214428 ],
						[ 5.8543980413, 51.7892225388 ],
						[ 5.8544299928, 51.789222413 ],
						[ 5.8544581828, 51.7892131694 ],
						[ 5.8544593302, 51.7892083634 ],
						[ 5.8544666645, 51.7892047432 ],
						[ 5.8544770342, 51.7892028298 ],
						[ 5.8544849931, 51.7892013565 ],
						[ 5.8545110626, 51.7892009613 ],
						[ 5.8545190941, 51.7892017069 ],
						[ 5.8545459915, 51.7892059379 ],
						[ 5.8545548798, 51.78920645 ],
						[ 5.8545648429, 51.789206405 ],
						[ 5.8545740798, 51.7892046084 ],
						[ 5.8545932217, 51.7891999102 ],
						[ 5.8546333209, 51.7891931998 ],
						[ 5.8546780385, 51.7891884747 ],
						[ 5.8547021329, 51.7891877021 ],
						[ 5.8547178908, 51.7891849353 ],
						[ 5.8547299743, 51.7891808929 ],
						[ 5.8547388045, 51.7891763564 ],
						[ 5.8547484917, 51.789170715 ],
						[ 5.8547595876, 51.7891671936 ],
						[ 5.8547716275, 51.7891654958 ],
						[ 5.8547834786, 51.7891670499 ],
						[ 5.8547956202, 51.7891694933 ],
						[ 5.8548053364, 51.7891762756 ],
						[ 5.8548110731, 51.7891836597 ],
						[ 5.8548164613, 51.7891911067 ],
						[ 5.8548155463, 51.7891977543 ],
						[ 5.8548050023, 51.7892507818 ],
						[ 5.8547973485, 51.7892467574 ],
						[ 5.8547923815, 51.7892446104 ],
						[ 5.8547850907, 51.7892420143 ],
						[ 5.8547765509, 51.7892396786 ],
						[ 5.8547677062, 51.7892379449 ],
						[ 5.8547600814, 51.7892369747 ],
						[ 5.8547528923, 51.7892364627 ],
						[ 5.854742174, 51.7892364178 ],
						[ 5.8547343894, 51.7892369298 ],
						[ 5.854725167, 51.7892381246 ],
						[ 5.8547156542, 51.7892401009 ],
						[ 5.8547048633, 51.7892433617 ],
						[ 5.8546964833, 51.7892468113 ],
						[ 5.8546890473, 51.7892507279 ],
						[ 5.854683296, 51.7892544829 ],
						[ 5.8546790697, 51.7892578066 ],
						[ 5.8546748288, 51.7892618041 ],
						[ 5.8546686273, 51.7892612382 ],
						[ 5.8545825615, 51.7892535037 ],
						[ 5.8545682269, 51.7892522191 ],
						[ 5.8545681688, 51.7892463891 ]
					],
					[
						[ 5.8547124009, 51.7891923913 ],
						[ 5.8546979066, 51.7891924542 ],
						[ 5.8546979937, 51.7892014374 ],
						[ 5.8547124881, 51.7892013835 ],
						[ 5.8547124009, 51.7891923913 ]
					],
					[
						[ 5.8545103655, 51.789213915 ],
						[ 5.8544958711, 51.7892139778 ],
						[ 5.8544959583, 51.789222961 ],
						[ 5.8545104526, 51.7892229071 ],
						[ 5.8545103655, 51.789213915 ]
					]
				]
			},
			"properties" : {
				"object_name" : "Heesters",
				"object_height" : 0.5,
				"tree_crown_diameter" : null
			}
		},
		{
			"type" : "Feature",
			"geometry" : {
				"type" : "Polygon",
				"coordinates" : [
					[
						[ 5.8552946743, 51.7889868658 ],
						[ 5.8553024007, 51.7889837846 ],
						[ 5.8553100981, 51.7889807842 ],
						[ 5.8553176794, 51.7889778916 ],
						[ 5.8553253623, 51.788975035 ],
						[ 5.855333234, 51.7889721604 ],
						[ 5.8553411928, 51.7889693037 ],
						[ 5.8553492533, 51.7889664471 ],
						[ 5.8553573574, 51.7889636084 ],
						[ 5.8553903837, 51.7889521189 ],
						[ 5.8554073325, 51.7889461272 ],
						[ 5.8554154366, 51.7889431897 ],
						[ 5.8554235116, 51.7889402252 ],
						[ 5.8554317028, 51.788937162 ],
						[ 5.855439894, 51.7889340359 ],
						[ 5.8554445415, 51.7889322392 ],
						[ 5.8554589197, 51.7889469716 ],
						[ 5.8554638867, 51.788951014 ],
						[ 5.8554707999, 51.7889564039 ],
						[ 5.8554799351, 51.7889650637 ],
						[ 5.8554839, 51.7889722592 ],
						[ 5.855478599, 51.7889725556 ],
						[ 5.8554736465, 51.788972879 ],
						[ 5.855468694, 51.7889732473 ],
						[ 5.8554637706, 51.7889736875 ],
						[ 5.8554588762, 51.7889741905 ],
						[ 5.8554539963, 51.7889747655 ],
						[ 5.8554491309, 51.7889754302 ],
						[ 5.8554443092, 51.7889761848 ],
						[ 5.8554395309, 51.7889770472 ],
						[ 5.8554347673, 51.7889780174 ],
						[ 5.8554300617, 51.7889791043 ],
						[ 5.8554277089, 51.7889796972 ],
						[ 5.8554253851, 51.7889803171 ],
						[ 5.8554230614, 51.7889809728 ],
						[ 5.8554207522, 51.7889816645 ],
						[ 5.8554184575, 51.7889823922 ],
						[ 5.8554161773, 51.7889831557 ],
						[ 5.8554137373, 51.7889840181 ],
						[ 5.8554112974, 51.7889849254 ],
						[ 5.8554064756, 51.7889868298 ],
						[ 5.8554016974, 51.7889888331 ],
						[ 5.8553969483, 51.7889909082 ],
						[ 5.8553875371, 51.7889950764 ],
						[ 5.855382846, 51.7889971066 ],
						[ 5.8553781549, 51.7889990469 ],
						[ 5.8553758021, 51.7889999722 ],
						[ 5.8553734493, 51.7890008615 ],
						[ 5.8553710966, 51.7890017059 ],
						[ 5.8553687292, 51.7890025054 ],
						[ 5.8553663619, 51.78900326 ],
						[ 5.8553639946, 51.7890039517 ],
						[ 5.8553615982, 51.7890045895 ],
						[ 5.8553592164, 51.7890051645 ],
						[ 5.8553568055, 51.7890056585 ],
						[ 5.8553543946, 51.7890060897 ],
						[ 5.8553519692, 51.7890064401 ],
						[ 5.8553495293, 51.7890067006 ],
						[ 5.8553470748, 51.7890068802 ],
						[ 5.8553445913, 51.7890069611 ],
						[ 5.8553421078, 51.7890069521 ],
						[ 5.8553396098, 51.7890068353 ],
						[ 5.8553379686, 51.7890067006 ],
						[ 5.855336342, 51.7890065299 ],
						[ 5.8553347008, 51.7890063143 ],
						[ 5.8553330597, 51.7890060538 ],
						[ 5.8553314185, 51.7890057484 ],
						[ 5.8553297774, 51.789005416 ],
						[ 5.8553281508, 51.7890050387 ],
						[ 5.8553265241, 51.7890046255 ],
						[ 5.8553248975, 51.7890041853 ],
						[ 5.8553232999, 51.7890037002 ],
						[ 5.8553217024, 51.7890031882 ],
						[ 5.8553201193, 51.7890026402 ],
						[ 5.8553185508, 51.7890020653 ],
						[ 5.8553170113, 51.7890014544 ],
						[ 5.8553139759, 51.7890001608 ],
						[ 5.8553110567, 51.7889987595 ],
						[ 5.8553082391, 51.7889972683 ],
						[ 5.8553055523, 51.7889956962 ],
						[ 5.8553030107, 51.7889940433 ],
						[ 5.8553006434, 51.7889923185 ],
						[ 5.8552995251, 51.7889914382 ],
						[ 5.8552984504, 51.7889905489 ],
						[ 5.8552974337, 51.7889896416 ],
						[ 5.8552964606, 51.7889887253 ],
						[ 5.8552955457, 51.7889878 ],
						[ 5.8552946743, 51.7889868658 ]
					],
					[
						[ 5.855447301, 51.7889594582 ],
						[ 5.8554328066, 51.7889595211 ],
						[ 5.8554328937, 51.7889685042 ],
						[ 5.8554473881, 51.7889684503 ],
						[ 5.855447301, 51.7889594582 ]
					],
					[
						[ 5.8553655341, 51.7889905219 ],
						[ 5.8553510397, 51.7889905848 ],
						[ 5.8553511268, 51.788999568 ],
						[ 5.8553656212, 51.7889995141 ],
						[ 5.8553655341, 51.7889905219 ]
					]
				]
			},
			"properties" : {
				"object_name" : "Heesters",
				"object_height" : 0.5,
				"tree_crown_diameter" : null
			}
		},
		{
			"type" : "Feature",
			"geometry" : {
				"type" : "Polygon",
				"coordinates" : [
					[
						[ 5.8550347049, 51.789343991 ],
						[ 5.8549976556, 51.7893409547 ],
						[ 5.8548952364, 51.7893325465 ],
						[ 5.8549062597, 51.7892808933 ],
						[ 5.8549228309, 51.7892822139 ],
						[ 5.8550123969, 51.7892893465 ],
						[ 5.855005048, 51.789318946 ],
						[ 5.8550394395, 51.7893219733 ],
						[ 5.8550347049, 51.789343991 ]
					],
					[
						[ 5.8549784556, 51.7893113912 ],
						[ 5.8549639613, 51.789311454 ],
						[ 5.8549640484, 51.7893204372 ],
						[ 5.8549785428, 51.7893203833 ],
						[ 5.8549784556, 51.7893113912 ]
					]
				]
			},
			"properties" : {
				"object_name" : "Heesters",
				"object_height" : 0.5,
				"tree_crown_diameter" : null
			}
		},
		{
			"type" : "Feature",
			"geometry" : {
				"type" : "Polygon",
				"coordinates" : [
					[
						[ 5.8552496226, 51.7891671756 ],
						[ 5.8552435518, 51.7891677236 ],
						[ 5.8552373212, 51.7891678494 ],
						[ 5.8552310762, 51.7891675529 ],
						[ 5.8552249618, 51.7891668163 ],
						[ 5.8552191379, 51.7891656305 ],
						[ 5.855208957, 51.7891618935 ],
						[ 5.8552068947, 51.7891606089 ],
						[ 5.8552048323, 51.7891593243 ],
						[ 5.8552014338, 51.7891563599 ],
						[ 5.8551987034, 51.7891530631 ],
						[ 5.8551966266, 51.7891494968 ],
						[ 5.8551951743, 51.7891457508 ],
						[ 5.8551942883, 51.789141888 ],
						[ 5.8551939688, 51.7891379804 ],
						[ 5.8551941721, 51.7891340907 ],
						[ 5.8551960311, 51.7891267963 ],
						[ 5.8551977449, 51.7891233378 ],
						[ 5.8552000396, 51.789120041 ],
						[ 5.8552029443, 51.7891169149 ],
						[ 5.855206488, 51.7891139954 ],
						[ 5.8552156523, 51.789108839 ],
						[ 5.8552199512, 51.7891071232 ],
						[ 5.8552245551, 51.789105632 ],
						[ 5.8552293043, 51.7891044013 ],
						[ 5.8552340825, 51.789103494 ],
						[ 5.8552387155, 51.789102964 ],
						[ 5.8552430725, 51.7891028742 ],
						[ 5.8552470229, 51.7891032695 ],
						[ 5.8552487802, 51.7891036647 ],
						[ 5.8552503923, 51.7891042037 ],
						[ 5.8552537472, 51.7891062339 ],
						[ 5.8552550689, 51.7891075454 ],
						[ 5.8552562162, 51.7891090277 ],
						[ 5.8552580752, 51.7891123784 ],
						[ 5.8552628099, 51.7891237061 ],
						[ 5.8552650319, 51.7891272006 ],
						[ 5.8552680528, 51.789130201 ],
						[ 5.8552706961, 51.7891318988 ],
						[ 5.855273746, 51.7891333361 ],
						[ 5.8552806011, 51.7891357525 ],
						[ 5.8552877321, 51.7891380612 ],
						[ 5.8552942531, 51.7891408819 ],
						[ 5.8552978258, 51.7891432804 ],
						[ 5.8553005998, 51.7891460832 ],
						[ 5.855301631, 51.7891476103 ],
						[ 5.8553024007, 51.7891492003 ],
						[ 5.8553030688, 51.7891525331 ],
						[ 5.8553029381, 51.7891542489 ],
						[ 5.8553025024, 51.7891559557 ],
						[ 5.8553017762, 51.7891576355 ],
						[ 5.8553007886, 51.7891592435 ],
						[ 5.8552995396, 51.7891607347 ],
						[ 5.8552980727, 51.7891620912 ],
						[ 5.8552945, 51.7891642471 ],
						[ 5.8552925538, 51.7891649568 ],
						[ 5.8552904625, 51.7891654688 ],
						[ 5.8552859166, 51.7891660078 ],
						[ 5.8552810077, 51.7891660797 ],
						[ 5.8552653079, 51.7891654059 ],
						[ 5.8552602102, 51.7891655497 ],
						[ 5.8552553739, 51.7891662054 ],
						[ 5.8552496226, 51.7891671756 ]
					]
				]
			},
			"properties" : {
				"object_name" : "Heesters",
				"object_height" : 0.5,
				"tree_crown_diameter" : null
			}
		},
		{
			"type" : "Feature",
			"geometry" : {
				"type" : "Polygon",
				"coordinates" : [
					[
						[ 5.8555577807, 51.7892287461 ],
						[ 5.8555722751, 51.7892286833 ],
						[ 5.8555722606, 51.789227201 ],
						[ 5.8555810472, 51.7892280455 ],
						[ 5.855591141, 51.7892289797 ],
						[ 5.8556025274, 51.7892299948 ],
						[ 5.8556113867, 51.7892307674 ],
						[ 5.8556406659, 51.7892332737 ],
						[ 5.8556547391, 51.7892345133 ],
						[ 5.855656511, 51.789234666 ],
						[ 5.8556585588, 51.7892348457 ],
						[ 5.8556636129, 51.7892352769 ],
						[ 5.8556698725, 51.78923578 ],
						[ 5.8556714556, 51.7892358967 ],
						[ 5.855672356, 51.7892359686 ],
						[ 5.8556733582, 51.7892360405 ],
						[ 5.8556748396, 51.7892361483 ],
						[ 5.855678543, 51.7892363998 ],
						[ 5.855682232, 51.7892366244 ],
						[ 5.8556834084, 51.7892366873 ],
						[ 5.8556846719, 51.7892367591 ],
						[ 5.8556863421, 51.78923684 ],
						[ 5.8556871119, 51.7892368759 ],
						[ 5.8556878961, 51.7892369118 ],
						[ 5.8556895373, 51.7892369837 ],
						[ 5.8556919482, 51.7892370735 ],
						[ 5.855694359, 51.7892371454 ],
						[ 5.8556979463, 51.7892372262 ],
						[ 5.8556984982, 51.7892372352 ],
						[ 5.8556991373, 51.7892372442 ],
						[ 5.8557021872, 51.7892372622 ],
						[ 5.8557022307, 51.7892408015 ],
						[ 5.8557167251, 51.7892407387 ],
						[ 5.8557166816, 51.7892368849 ],
						[ 5.8557202834, 51.7892366603 ],
						[ 5.8557226507, 51.7892364806 ],
						[ 5.8557250035, 51.789236283 ],
						[ 5.8557285327, 51.7892359506 ],
						[ 5.8557309, 51.7892356991 ],
						[ 5.8557331511, 51.7892354296 ],
						[ 5.8557462948, 51.7892353847 ],
						[ 5.8557462803, 51.7892335431 ],
						[ 5.8557485024, 51.7892331659 ],
						[ 5.8557491414, 51.7892330491 ],
						[ 5.8557496643, 51.7892329592 ],
						[ 5.8557520025, 51.7892325281 ],
						[ 5.8557543263, 51.7892320789 ],
						[ 5.8557557205, 51.7892317914 ],
						[ 5.85575665, 51.7892316118 ],
						[ 5.8557573472, 51.789231468 ],
						[ 5.8557578119, 51.7892313692 ],
						[ 5.8557587269, 51.7892311716 ],
						[ 5.8557601211, 51.7892308752 ],
						[ 5.8557612685, 51.7892306146 ],
						[ 5.8557624158, 51.7892303721 ],
						[ 5.8557628661, 51.7892302643 ],
						[ 5.8557635632, 51.7892301116 ],
						[ 5.8557652043, 51.7892297163 ],
						[ 5.8557658143, 51.7892295726 ],
						[ 5.85576625, 51.7892294648 ],
						[ 5.8557669181, 51.7892293031 ],
						[ 5.8557690966, 51.7892287551 ],
						[ 5.8557722191, 51.7892279017 ],
						[ 5.8557741798, 51.7892273268 ],
						[ 5.8557760388, 51.7892267429 ],
						[ 5.8557764745, 51.7892265992 ],
						[ 5.8557769393, 51.7892264465 ],
						[ 5.8557774331, 51.7892262668 ],
						[ 5.8557777816, 51.78922615 ],
						[ 5.8557783335, 51.7892259434 ],
						[ 5.8557786095, 51.7892258446 ],
						[ 5.8557793937, 51.7892255481 ],
						[ 5.8557801344, 51.7892252427 ],
						[ 5.8557808896, 51.7892249193 ],
						[ 5.8557856097, 51.7892226825 ],
						[ 5.8557870185, 51.7892220537 ],
						[ 5.855791332, 51.7892255571 ],
						[ 5.8557913465, 51.7892255751 ],
						[ 5.8557878754, 51.7892296894 ],
						[ 5.8557821967, 51.7892333545 ],
						[ 5.8557746736, 51.7892365256 ],
						[ 5.8557656546, 51.7892392115 ],
						[ 5.8557555027, 51.7892414393 ],
						[ 5.8557445375, 51.789243209 ],
						[ 5.8557331076, 51.7892445385 ],
						[ 5.8557215614, 51.7892454458 ],
						[ 5.8557102477, 51.7892459399 ],
						[ 5.8557001248, 51.7892460387 ],
						[ 5.8556993406, 51.7892460477 ],
						[ 5.855688782, 51.7892458321 ],
						[ 5.855678543, 51.789245365 ],
						[ 5.8556685219, 51.7892447092 ],
						[ 5.8556586605, 51.7892439187 ],
						[ 5.8556391991, 51.7892422299 ],
						[ 5.8556101232, 51.7892397325 ],
						[ 5.8555907925, 51.7892380257 ],
						[ 5.8555811344, 51.7892371454 ],
						[ 5.8555714763, 51.7892362201 ],
						[ 5.8555618182, 51.7892352589 ],
						[ 5.8555521601, 51.7892342349 ],
						[ 5.8555425021, 51.7892331569 ],
						[ 5.855532873, 51.7892319531 ],
						[ 5.8555233021, 51.7892305967 ],
						[ 5.8555219659, 51.7892303721 ],
						[ 5.8555138328, 51.7892290246 ],
						[ 5.8555045088, 51.7892271921 ],
						[ 5.85549533, 51.7892250451 ],
						[ 5.855486369, 51.7892225388 ],
						[ 5.855477655, 51.7892196372 ],
						[ 5.855469333, 51.7892163135 ],
						[ 5.8554615775, 51.7892125675 ],
						[ 5.8554545046, 51.7892083993 ],
						[ 5.8554482595, 51.7892037999 ],
						[ 5.8554426825, 51.7891988592 ],
						[ 5.8554375703, 51.7891936849 ],
						[ 5.8554276944, 51.7891831207 ],
						[ 5.8554224369, 51.7891779734 ],
						[ 5.8554214493, 51.7891771289 ],
						[ 5.8554166565, 51.7891730596 ],
						[ 5.8554102372, 51.7891684602 ],
						[ 5.8554032514, 51.7891641842 ],
						[ 5.8553957573, 51.7891602227 ],
						[ 5.8553878421, 51.7891565935 ],
						[ 5.8553795637, 51.7891532877 ],
						[ 5.8553710239, 51.7891502603 ],
						[ 5.8553623389, 51.7891474127 ],
						[ 5.8553536249, 51.7891446189 ],
						[ 5.8553449834, 51.7891417713 ],
						[ 5.8553365453, 51.7891387439 ],
						[ 5.8553284122, 51.7891354292 ],
						[ 5.8553245635, 51.7891335696 ],
						[ 5.8553207003, 51.7891317101 ],
						[ 5.8553135112, 51.7891275599 ],
						[ 5.8553068739, 51.7891230234 ],
						[ 5.8553008467, 51.7891181366 ],
						[ 5.8552954876, 51.7891129533 ],
						[ 5.8552908401, 51.7891075185 ],
						[ 5.8552869768, 51.7891018771 ],
						[ 5.8552837672, 51.7890960829 ],
						[ 5.8552809496, 51.7890902349 ],
						[ 5.8552782047, 51.7890843959 ],
						[ 5.8552752564, 51.7890786556 ],
						[ 5.8552717853, 51.7890730951 ],
						[ 5.8552675881, 51.789067768 ],
						[ 5.8552628099, 51.7890626117 ],
						[ 5.8552576105, 51.7890575542 ],
						[ 5.8552466453, 51.7890474571 ],
						[ 5.855241228, 51.7890422649 ],
						[ 5.8552360868, 51.789036893 ],
						[ 5.855231294, 51.7890313054 ],
						[ 5.8552263706, 51.7890258437 ],
						[ 5.8552206048, 51.7890209748 ],
						[ 5.8552186441, 51.7890199597 ],
						[ 5.8552307131, 51.7890145339 ],
						[ 5.8552309745, 51.7890146956 ],
						[ 5.8552321654, 51.789015522 ],
						[ 5.8552332983, 51.7890163575 ],
						[ 5.855234373, 51.7890172019 ],
						[ 5.8552363627, 51.7890188997 ],
						[ 5.8552372922, 51.7890197441 ],
						[ 5.8552381781, 51.7890205885 ],
						[ 5.8552398338, 51.7890222863 ],
						[ 5.8552413733, 51.7890239482 ],
						[ 5.855242114, 51.7890247747 ],
						[ 5.8552435373, 51.7890264276 ],
						[ 5.855246166, 51.7890295447 ],
						[ 5.8552478653, 51.789031521 ],
						[ 5.8552501745, 51.7890340722 ],
						[ 5.8552520335, 51.7890360126 ],
						[ 5.8552546186, 51.7890385908 ],
						[ 5.8552573055, 51.7890411599 ],
						[ 5.8552607766, 51.7890443849 ],
						[ 5.8552673702, 51.7890504216 ],
						[ 5.8552687935, 51.7890517511 ],
						[ 5.8552709866, 51.7890537992 ],
						[ 5.8552728456, 51.7890556049 ],
						[ 5.8552742108, 51.7890569523 ],
						[ 5.8552751403, 51.7890578776 ],
						[ 5.8552773769, 51.7890601952 ],
						[ 5.8552792504, 51.7890622434 ],
						[ 5.8552795844, 51.7890626207 ],
						[ 5.8552807318, 51.7890639412 ],
						[ 5.8552826343, 51.7890662499 ],
						[ 5.8552844207, 51.7890686035 ],
						[ 5.8552855245, 51.7890701665 ],
						[ 5.8552860473, 51.7890709481 ],
						[ 5.855287093, 51.7890725561 ],
						[ 5.8552880806, 51.789074191 ],
						[ 5.8552894604, 51.7890766434 ],
						[ 5.8552909563, 51.7890794911 ],
						[ 5.8552919293, 51.7890814674 ],
						[ 5.8552966059, 51.7890914027 ],
						[ 5.8552984213, 51.789094987 ],
						[ 5.8552991765, 51.7890963794 ],
						[ 5.8552999608, 51.7890977448 ],
						[ 5.8553000915, 51.7890979604 ],
						[ 5.8553003529, 51.7890984096 ],
						[ 5.8553011808, 51.7890997391 ],
						[ 5.8553020376, 51.7891010327 ],
						[ 5.8553024733, 51.7891016705 ],
						[ 5.8553034028, 51.7891029461 ],
						[ 5.8553043759, 51.7891042217 ],
						[ 5.8553046373, 51.7891045361 ],
						[ 5.8553048842, 51.7891048595 ],
						[ 5.8553059299, 51.7891061171 ],
						[ 5.8553064818, 51.7891067459 ],
						[ 5.8553070482, 51.7891073658 ],
						[ 5.8553076001, 51.7891079856 ],
						[ 5.8553081665, 51.7891085965 ],
						[ 5.8553093575, 51.7891098182 ],
						[ 5.8553105774, 51.7891110219 ],
						[ 5.8553118555, 51.7891122077 ],
						[ 5.8553138307, 51.7891139504 ],
						[ 5.855315893, 51.7891156483 ],
						[ 5.8553173163, 51.7891167532 ],
						[ 5.8553176939, 51.7891170317 ],
						[ 5.8553180425, 51.7891173012 ],
						[ 5.8553185508, 51.7891176695 ],
						[ 5.8553187832, 51.7891178401 ],
						[ 5.8553190155, 51.7891180018 ],
						[ 5.8553195239, 51.7891183701 ],
						[ 5.8553210488, 51.7891194302 ],
						[ 5.8553225883, 51.7891204542 ],
						[ 5.8553233726, 51.7891209663 ],
						[ 5.8553249701, 51.7891219544 ],
						[ 5.8553257835, 51.7891224485 ],
						[ 5.8553274246, 51.7891234007 ],
						[ 5.8553291093, 51.789124335 ],
						[ 5.8553316654, 51.7891256735 ],
						[ 5.8553333792, 51.7891265179 ],
						[ 5.8553351511, 51.7891273533 ],
						[ 5.8553356594, 51.7891275869 ],
						[ 5.855336037, 51.7891277575 ],
						[ 5.855336647, 51.789128027 ],
						[ 5.855336952, 51.7891281618 ],
						[ 5.8553373441, 51.7891283235 ],
						[ 5.8553378815, 51.789128566 ],
						[ 5.8553384334, 51.7891287996 ],
						[ 5.855338811, 51.7891289613 ],
						[ 5.8553391014, 51.7891290781 ],
						[ 5.855339755, 51.7891293565 ],
						[ 5.8553416721, 51.7891301381 ],
						[ 5.8553436327, 51.7891308927 ],
						[ 5.855345027, 51.7891314137 ],
						[ 5.855345637, 51.7891316472 ],
						[ 5.8553466536, 51.7891320245 ],
						[ 5.8553497471, 51.7891331295 ],
						[ 5.855351853, 51.7891338571 ],
						[ 5.8553539734, 51.7891345758 ],
						[ 5.8553583159, 51.7891360041 ],
						[ 5.8553595795, 51.7891364083 ],
						[ 5.855360538, 51.7891367227 ],
						[ 5.8553715032, 51.7891402351 ],
						[ 5.8553769059, 51.7891420138 ],
						[ 5.8553793023, 51.7891428223 ],
						[ 5.8553829041, 51.7891440799 ],
						[ 5.8553864914, 51.7891453825 ],
						[ 5.8553888587, 51.7891462718 ],
						[ 5.8553912115, 51.7891471881 ],
						[ 5.8553947552, 51.7891486344 ],
						[ 5.8553982844, 51.7891501525 ],
						[ 5.8553994463, 51.7891506736 ],
						[ 5.8554028883, 51.7891522726 ],
						[ 5.855405154, 51.7891533685 ],
						[ 5.8554084799, 51.7891550663 ],
						[ 5.8554106729, 51.7891562341 ],
						[ 5.8554138826, 51.7891580308 ],
						[ 5.8554170196, 51.7891598993 ],
						[ 5.8554187044, 51.7891609593 ],
						[ 5.855419387, 51.7891613994 ],
						[ 5.8554220447, 51.7891631332 ],
						[ 5.8554239764, 51.7891644807 ],
						[ 5.8554258789, 51.7891658461 ],
						[ 5.8554286239, 51.7891679482 ],
						[ 5.8554303667, 51.7891693585 ],
						[ 5.8554328937, 51.7891715324 ],
						[ 5.8554345204, 51.7891730057 ],
						[ 5.8554360889, 51.7891744789 ],
						[ 5.85543834, 51.7891766888 ],
						[ 5.8554397778, 51.789178153 ],
						[ 5.8554423194, 51.789180812 ],
						[ 5.8554492907, 51.789188322 ],
						[ 5.8554505542, 51.7891896425 ],
						[ 5.8554509318, 51.7891900288 ],
						[ 5.8554518032, 51.7891909361 ],
						[ 5.8554530523, 51.7891922027 ],
						[ 5.8554549258, 51.7891940442 ],
						[ 5.8554555648, 51.7891946461 ],
						[ 5.8554568429, 51.7891958229 ],
						[ 5.8554581355, 51.7891969638 ],
						[ 5.8554594426, 51.7891980777 ],
						[ 5.8554597911, 51.7891983651 ],
						[ 5.8554600961, 51.7891986167 ],
						[ 5.8554607642, 51.7891991467 ],
						[ 5.8554621294, 51.7892001797 ],
						[ 5.8554635091, 51.7892011858 ],
						[ 5.8554642063, 51.7892016709 ],
						[ 5.855464671, 51.7892019764 ],
						[ 5.8554649179, 51.789202147 ],
						[ 5.8554651938, 51.7892023177 ],
						[ 5.8554656586, 51.7892026321 ],
						[ 5.8554659781, 51.7892028298 ],
						[ 5.8554663993, 51.7892030992 ],
						[ 5.8554679388, 51.7892040335 ],
						[ 5.8554695218, 51.7892049408 ],
						[ 5.8554711775, 51.7892058391 ],
						[ 5.8554728622, 51.7892067105 ],
						[ 5.855474605, 51.7892075639 ],
						[ 5.8554763914, 51.7892083903 ],
						[ 5.8554773064, 51.7892087946 ],
						[ 5.8554782214, 51.7892091988 ],
						[ 5.8554800949, 51.7892099893 ],
						[ 5.8554810389, 51.7892103756 ],
						[ 5.855481736, 51.7892106451 ],
						[ 5.8554819975, 51.7892107529 ],
						[ 5.8554823751, 51.7892108966 ],
						[ 5.8554829705, 51.7892111302 ],
						[ 5.8554832755, 51.789211247 ],
						[ 5.8554839436, 51.7892114985 ],
						[ 5.8554859188, 51.7892122171 ],
						[ 5.8554879375, 51.7892129178 ],
						[ 5.8554899708, 51.7892136006 ],
						[ 5.8554920331, 51.7892142563 ],
						[ 5.8554941245, 51.7892148851 ],
						[ 5.8554973052, 51.7892157924 ],
						[ 5.8554994401, 51.7892163674 ],
						[ 5.855500297, 51.789216583 ],
						[ 5.8555005148, 51.7892166458 ],
						[ 5.8555007763, 51.7892167087 ],
						[ 5.8555016041, 51.7892169243 ],
						[ 5.8555026933, 51.7892171938 ],
						[ 5.8555037826, 51.7892174633 ],
						[ 5.8555042038, 51.7892175621 ],
						[ 5.8555048719, 51.7892177238 ],
						[ 5.8555070939, 51.7892182269 ],
						[ 5.8555104343, 51.7892189545 ],
						[ 5.8555149656, 51.7892198528 ],
						[ 5.8555172603, 51.789220284 ],
						[ 5.8555207169, 51.7892208949 ],
						[ 5.8555253935, 51.7892216584 ],
						[ 5.8555289517, 51.7892221974 ],
						[ 5.8555313335, 51.7892225388 ],
						[ 5.8555337299, 51.7892228801 ],
						[ 5.8555361553, 51.7892232035 ],
						[ 5.8555410207, 51.7892238234 ],
						[ 5.8555434751, 51.7892241198 ],
						[ 5.8555496621, 51.7892248385 ],
						[ 5.8555577517, 51.7892257188 ],
						[ 5.8555577807, 51.7892287461 ]
					]
				]
			},
			"properties" : {
				"object_name" : "Gras",
				"object_height" : 1,
				"tree_crown_diameter" : null
			}
		},
		{
			"type" : "Feature",
			"geometry" : {
				"type" : "Polygon",
				"coordinates" : [
					[
						[ 5.8537806648, 51.7889145155 ],
						[ 5.8538314242, 51.7889286999 ],
						[ 5.8538337335, 51.7889293466 ],
						[ 5.8538243658, 51.7889629077 ],
						[ 5.853822594, 51.7889751517 ],
						[ 5.8538242932, 51.7889946362 ],
						[ 5.8538302914, 51.7890081828 ],
						[ 5.853838715, 51.7890194567 ],
						[ 5.8538561722, 51.7890346292 ],
						[ 5.8538745007, 51.7890450676 ],
						[ 5.8538909703, 51.7890519757 ],
						[ 5.8539169963, 51.7890598898 ],
						[ 5.8539411342, 51.7890648575 ],
						[ 5.8539748286, 51.7890695647 ],
						[ 5.8540164237, 51.7890741012 ],
						[ 5.8540589773, 51.7890784131 ],
						[ 5.8541016472, 51.7890820153 ],
						[ 5.8541312169, 51.7890828238 ],
						[ 5.8541509397, 51.7890835065 ],
						[ 5.854185215, 51.7890865878 ],
						[ 5.8542093529, 51.7890903068 ],
						[ 5.8542257789, 51.7890907919 ],
						[ 5.8542427713, 51.7890889234 ],
						[ 5.8542612596, 51.7890838748 ],
						[ 5.8542797625, 51.7890775417 ],
						[ 5.8542925286, 51.7890719901 ],
						[ 5.8543039731, 51.7890658457 ],
						[ 5.8543140959, 51.7890574105 ],
						[ 5.8543206605, 51.7890482027 ],
						[ 5.8543227518, 51.7890423637 ],
						[ 5.8543254242, 51.7890300927 ],
						[ 5.8543276898, 51.7890207412 ],
						[ 5.854330885, 51.7890141835 ],
						[ 5.8543360117, 51.7890059729 ],
						[ 5.8543447113, 51.7889985529 ],
						[ 5.8543526556, 51.7889932079 ],
						[ 5.8543634755, 51.788988887 ],
						[ 5.8544570936, 51.7890632944 ],
						[ 5.8544064213, 51.7890869561 ],
						[ 5.8543892982, 51.7890946636 ],
						[ 5.8543637079, 51.7891055781 ],
						[ 5.8543506659, 51.7891108063 ],
						[ 5.854337435, 51.7891158549 ],
						[ 5.8543307397, 51.7891182983 ],
						[ 5.8543240009, 51.7891206968 ],
						[ 5.8543172184, 51.7891230324 ],
						[ 5.8543103779, 51.7891253051 ],
						[ 5.8543034793, 51.789127515 ],
						[ 5.8542965225, 51.789129662 ],
						[ 5.8542895222, 51.7891317371 ],
						[ 5.8542824493, 51.7891337403 ],
						[ 5.8542589504, 51.7891397411 ],
						[ 5.8542557843, 51.7891404687 ],
						[ 5.854243207, 51.7891431996 ],
						[ 5.854230499, 51.7891456789 ],
						[ 5.8542176748, 51.7891478798 ],
						[ 5.8542112119, 51.7891488769 ],
						[ 5.8542047345, 51.7891498112 ],
						[ 5.8541980101, 51.7891506915 ],
						[ 5.8541917796, 51.7891514281 ],
						[ 5.8541855345, 51.7891521019 ],
						[ 5.8541643012, 51.7891538626 ],
						[ 5.8541536265, 51.7891544734 ],
						[ 5.8541429227, 51.7891549046 ],
						[ 5.854132219, 51.7891551741 ],
						[ 5.8541214862, 51.7891552999 ],
						[ 5.8541107679, 51.7891552819 ],
						[ 5.8541000496, 51.7891551382 ],
						[ 5.8540836672, 51.789154689 ],
						[ 5.854075505, 51.7891543567 ],
						[ 5.8540673428, 51.7891539704 ],
						[ 5.8540591807, 51.7891535212 ],
						[ 5.8540510475, 51.7891530002 ],
						[ 5.8540347813, 51.7891518054 ],
						[ 5.854006388, 51.7891491464 ],
						[ 5.8539922712, 51.7891475474 ],
						[ 5.853978198, 51.7891457418 ],
						[ 5.8539575457, 51.7891426875 ],
						[ 5.8539472921, 51.7891409897 ],
						[ 5.8539370822, 51.7891391751 ],
						[ 5.8539269303, 51.7891372527 ],
						[ 5.853916851, 51.7891352046 ],
						[ 5.8539068299, 51.7891330486 ],
						[ 5.8538968813, 51.7891307849 ],
						[ 5.8538791192, 51.7891264101 ],
						[ 5.853870318, 51.7891241014 ],
						[ 5.8538615749, 51.7891217209 ],
						[ 5.8538528608, 51.7891192685 ],
						[ 5.8538442048, 51.7891167622 ],
						[ 5.8538269655, 51.7891116058 ],
						[ 5.8538098424, 51.7891062968 ],
						[ 5.8537927919, 51.7891008799 ],
						[ 5.8537677535, 51.789092858 ],
						[ 5.8537616537, 51.7890792844 ],
						[ 5.8537576743, 51.7890696815 ],
						[ 5.8537537675, 51.7890580932 ],
						[ 5.853751008, 51.7890465049 ],
						[ 5.853750093, 51.7890369289 ],
						[ 5.8537510225, 51.7890233194 ],
						[ 5.8537547696, 51.7890078504 ],
						[ 5.8537589523, 51.7889957411 ],
						[ 5.8537660833, 51.7889768585 ],
						[ 5.8537696125, 51.7889666896 ],
						[ 5.8537742455, 51.7889496306 ],
						[ 5.8537781378, 51.7889301282 ],
						[ 5.8537806648, 51.7889145155 ]
					],
					[
						[ 5.8543774907, 51.7890509785 ],
						[ 5.8543629963, 51.7890510324 ],
						[ 5.8543630834, 51.7890600246 ],
						[ 5.8543775778, 51.7890599617 ],
						[ 5.8543774907, 51.7890509785 ]
					],
					[
						[ 5.8540130542, 51.7891075993 ],
						[ 5.8539985599, 51.7891076532 ],
						[ 5.853998647, 51.7891166454 ],
						[ 5.8540131414, 51.7891165825 ],
						[ 5.8540130542, 51.7891075993 ]
					]
				]
			},
			"properties" : {
				"object_name" : "Bloemrijk Gras",
				"object_height" : 1,
				"tree_crown_diameter" : null
			}
		}
	]
}